PC,FA,SC,SF,FAGG,CAGG,WATER,AEA,WR_HR,WR,ACC,TOTAL_BINDER,GWP,w/b,b/a,SCM%,CAGG%,FAGG%,7day,28day,56day,PC%,FA%,SC%,AEA_pct,WR_HR_pct,WR_pct,ACC_pct
97.301,64.67,162.564,0.0,776.63,1076.84,128.746,0.1854,0.0,1.1124,0.0,324.53499999999997,172.104,0.3967091376893094,0.1750959012015301,0.7001833392392192,0.5809859344904422,0.4190140655095578,36.4482,47.2111,,0.29981666076078084,0.19926972437487483,0.5009136148643444,0.0005712789067417344,0.0,0.003427673440450406,0.0
97.895,0.0,228.421,0.0,800.955,1097.605,141.205,0.0742,0.0,1.1866,0.0,326.316,169.041,0.4327247208227608,0.171875526714984,0.6999993870971697,0.578125,0.42187500000000006,33.6953,55.4694,59.1717,0.3000006129028304,0.0,0.6999993870971697,0.00022738695007223865,0.0,0.0036363524926646684,0.0
106.794,0.0,249.186,0.0,687.635,1168.801,143.579,0.0334,0.0,1.1124,0.0,355.98,183.818,0.40333445699196585,0.19175452318313158,0.7,0.6295940177846152,0.37040598221538473,31.6664,50.6765,51.3372,0.3,0.0,0.7,9.382549581410802e-05,0.0,0.003124894656994424,0.0
106.794,0.0,249.186,0.0,717.3,1014.543,143.579,0.1854,4.0417,0.7416,0.0,355.98,183.324,0.40333445699196585,0.205549810231066,0.7,0.5858169591585382,0.41418304084146196,35.7427,51.2776,57.4635,0.3,0.0,0.7,0.0005208157761657374,0.011353727737481448,0.0020832631046629494,0.0
106.794,0.0,249.186,0.0,762.391,1032.342,133.492,0.1112,0.0,1.4832,0.0,355.98,183.507,0.3749985954267093,0.19834705217990642,0.7,0.5752064513217287,0.4247935486782713,36.6801,50.4926,,0.3,0.0,0.7,0.00031237709983619196,0.0,0.004166526209325899,0.0
106.794,0.0,249.186,0.0,762.391,1032.342,141.799,0.0,0.0,0.0,0.0,355.98,183.507,0.3983341760773077,0.19834705217990642,0.7,0.5752064513217287,0.4247935486782713,44.1839,54.7444,,0.3,0.0,0.7,0.0,0.0,0.0,0.0
106.794,0.0,249.186,0.0,762.391,1032.342,141.799,0.0667,0.0,1.4832,0.0,355.98,183.507,0.3983341760773077,0.19834705217990642,0.7,0.5752064513217287,0.4247935486782713,43.0252,57.6657,,0.3,0.0,0.7,0.00018737007697008996,0.0,0.004166526209325899,0.0
106.794,0.0,249.186,0.0,762.391,1032.342,141.799,0.0927,0.0,1.4832,0.0,355.98,183.507,0.3983341760773077,0.19834705217990642,0.7,0.5752064513217287,0.4247935486782713,39.7392,56.5757,57.5598,0.3,0.0,0.7,0.0002604078880828687,0.0,0.004166526209325899,0.0
106.794,0.0,249.186,0.0,771.29,1008.61,160.191,0.0556,0.0,0.7416,0.0,355.98,183.442,0.45,0.2,0.7,0.5666666666666667,0.4333333333333333,24.4024,41.6556,46.2641,0.3,0.0,0.7,0.00015618854991809598,0.0,0.0020832631046629494,0.0
106.794,0.0,269.952,0.0,795.022,1038.275,141.205,0.0927,0.0,1.2236,0.0,376.746,189.096,0.3748015904614781,0.20550189085565512,0.7165358092720294,0.5663430420711975,0.4336569579288026,34.1075,49.1051,59.1226,0.2834641907279706,0.0,0.7165358092720294,0.00024605437084867246,0.0,0.003247811522874171,0.0
106.794,0.0,269.952,0.0,795.022,1038.275,152.478,0.0556,0.1854,0.2966,0.0,376.746,189.096,0.40472360688633724,0.20550189085565512,0.7165358092720294,0.5663430420711975,0.4336569579288026,36.7916,52.1158,57.3268,0.2834641907279706,0.0,0.7165358092720294,0.00014757953634505057,0.0004921087416973449,0.000787267814387446,0.0
106.794,71.196,177.99,0.0,711.96,1085.739,137.646,0.1483,0.0,1.6686,0.0,355.98,188.13,0.38666779032529913,0.19801980198019803,0.7,0.6039603960396039,0.39603960396039606,35.3012,45.6893,51.2625,0.3,0.19999999999999998,0.5,0.00041659643800096463,0.0,0.0046873419854916365,0.0
106.794,71.196,177.99,0.0,711.96,1085.739,141.799,0.2966,0.0,0.6674,0.0,355.98,188.13,0.3983341760773077,0.19801980198019803,0.7,0.6039603960396039,0.39603960396039606,32.9767,49.8557,55.1064,0.3,0.19999999999999998,0.5,0.0008331928760019293,0.0,0.001874824428333404,0.0
106.794,71.196,177.99,0.0,717.893,1085.739,135.272,0.2225,0.0,1.2236,0.0,355.98,188.146,0.3799988763413675,0.19736842105263158,0.7,0.6019736842105263,0.3980263157894737,33.4178,46.209,52.8362,0.3,0.19999999999999998,0.5,0.00062503511433051,0.0,0.003437271756830616,0.0
106.794,71.196,177.99,0.0,741.625,1032.342,138.832,0.1854,0.0,1.4461,0.0,355.98,188.01,0.3899994381706837,0.20066889632107024,0.7,0.5819397993311037,0.4180602006688963,27.1107,45.5123,48.9161,0.3,0.19999999999999998,0.5,0.0005208157761657374,0.0,0.004062306871161126,0.0
106.794,71.196,177.99,0.0,741.625,1032.342,138.832,0.3337,0.0,1.4461,0.0,355.98,188.01,0.3899994381706837,0.20066889632107024,0.7,0.5819397993311037,0.4180602006688963,29.8026,45.3589,51.1069,0.3,0.19999999999999998,0.5,0.000937412214166702,0.0,0.004062306871161126,0.0
106.794,71.196,177.99,0.0,741.625,1032.342,160.191,0.2225,0.0,0.8158,0.0,355.98,188.01,0.45,0.20066889632107024,0.7,0.5819397993311037,0.4180602006688963,24.8406,46.5948,48.0368,0.3,0.19999999999999998,0.5,0.00062503511433051,0.0,0.002291701780992495,0.0
106.794,71.196,177.99,0.0,741.625,1038.275,141.799,0.1483,1.6686,1.4461,0.0,355.98,188.032,0.3983341760773077,0.2,0.7,0.5833333333333334,0.41666666666666663,32.4364,44.1357,48.6736,0.3,0.19999999999999998,0.5,0.00041659643800096463,0.0046873419854916365,0.004062306871161126,0.0
106.794,71.196,177.99,0.0,741.625,1085.739,141.799,0.1483,1.6686,1.4461,0.0,355.98,188.207,0.3983341760773077,0.19480519480519481,0.7,0.5941558441558442,0.40584415584415584,31.7498,46.1528,50.2226,0.3,0.19999999999999998,0.5,0.00041659643800096463,0.0046873419854916365,0.004062306871161126,0.0
106.794,71.196,177.99,0.0,741.625,1085.739,142.392,0.4079,0.0,0.6674,0.0,355.98,188.207,0.39999999999999997,0.19480519480519481,0.7,0.5941558441558442,0.40584415584415584,31.2803,44.4608,49.0123,0.3,0.19999999999999998,0.5,0.0011458508904962474,0.0,0.001874824428333404,0.0
106.794,71.196,177.99,0.0,759.424,1085.739,126.966,0.3337,0.0,0.6674,0.0,355.98,188.253,0.3566661048373504,0.19292604501607719,0.7,0.5884244372990354,0.4115755627009646,30.2048,42.7418,45.6343,0.3,0.19999999999999998,0.5,0.000937412214166702,0.0,0.001874824428333404,0.0
106.794,71.196,177.99,0.0,759.424,1085.739,141.205,0.1854,0.0,0.6674,0.0,355.98,188.253,0.3966655430080342,0.19292604501607719,0.7,0.5884244372990354,0.4115755627009646,31.1991,49.137,56.0451,0.3,0.19999999999999998,0.5,0.0005208157761657374,0.0,0.001874824428333404,0.0
106.794,106.794,142.392,0.0,662.123,1168.801,109.167,0.0148,0.1854,0.0,0.0,355.98,190.586,0.3066661048373504,0.1944264207580435,0.7,0.638366748155576,0.36163325184442396,28.7167,52.2278,57.4678,0.3,0.3,0.39999999999999997,4.157536940265864e-05,0.0005208157761657374,0.0,0.0
106.794,106.794,142.392,0.0,662.123,1168.801,143.579,0.0334,0.0,1.1124,0.0,355.98,190.586,0.40333445699196585,0.1944264207580435,0.7,0.638366748155576,0.36163325184442396,31.3603,48.5497,52.2735,0.3,0.3,0.39999999999999997,9.382549581410802e-05,0.0,0.003124894656994424,0.0
106.794,106.794,142.392,0.0,662.123,1168.801,143.579,0.0334,1.1124,0.0,0.0,355.98,190.586,0.40333445699196585,0.1944264207580435,0.7,0.638366748155576,0.36163325184442396,28.8775,45.4405,48.1948,0.3,0.3,0.39999999999999997,9.382549581410802e-05,0.003124894656994424,0.0,0.0
106.794,106.794,142.392,0.0,662.123,1168.801,143.579,0.0556,1.1124,0.0,0.0,355.98,190.586,0.40333445699196585,0.1944264207580435,0.7,0.638366748155576,0.36163325184442396,27.5864,44.9779,51.8758,0.3,0.3,0.39999999999999997,0.00015618854991809598,0.003124894656994424,0.0,0.0
106.794,106.794,142.392,0.0,753.491,1082.772,124.0,0.5562,0.0,1.7057,0.0,355.98,190.505,0.3483341760773077,0.1938611190227108,0.7,0.5896606314019288,0.4103393685980712,30.6702,47.6658,,0.3,0.3,0.39999999999999997,0.001562447328497212,0.0,0.004791561323656409,0.0
106.794,106.794,142.392,0.0,753.491,1082.772,124.593,0.5562,0.0,1.7057,0.0,355.98,190.505,0.35,0.1938611190227108,0.7,0.5896606314019288,0.4103393685980712,32.6219,50.5109,60.3679,0.3,0.3,0.39999999999999997,0.001562447328497212,0.0,0.004791561323656409,0.0
106.794,106.794,142.392,0.0,753.491,1143.882,118.66,0.5562,0.0,0.6674,0.0,355.98,190.731,0.3333333333333333,0.1876173003410505,0.7,0.6028767142781098,0.3971232857218902,37.7833,56.8978,58.0355,0.3,0.3,0.39999999999999997,0.001562447328497212,0.0,0.001874824428333404,0.0
106.794,106.794,142.392,0.0,783.156,1053.108,124.0,0.5191,1.3349,2.0394,0.0,355.98,190.473,0.3483341760773077,0.19386101344904658,0.7,0.5735057704120976,0.4264942295879024,42.9418,61.0124,,0.3,0.3,0.39999999999999997,0.0014582279903324394,0.003749929771324934,0.005728973537823111,0.0
111.54,110.947,148.325,0.0,750.525,1067.94,135.272,0.3152,0.0,1.9282,0.0,370.812,198.345,0.3647994131797245,0.20391484026362894,0.6992006731173748,0.5872755318359165,0.4127244681640834,35.5411,52.9496,66.8247,0.3007993268826252,0.299200133760504,0.4000005393568708,0.0008500264284843801,0.0,0.005199939592016439,0.0
115.694,0.0,269.952,0.0,679.329,1109.471,154.258,0.3634,0.0,1.854,0.0,385.646,198.386,0.3999989627793365,0.21558922182468696,0.6999994813896682,0.6202319991055456,0.37976800089445434,41.0238,52.5668,,0.3000005186103317,0.0,0.6999994813896682,0.0009423149727964446,0.0,0.004807517775356655,0.0
115.694,0.0,269.952,0.0,729.759,1097.605,141.205,0.1224,0.0,3.8563,0.0,385.646,198.473,0.3661518594773445,0.21103950827530804,0.6999994813896682,0.6006493506493507,0.39935064935064934,51.8201,61.1541,,0.3000005186103317,0.0,0.6999994813896682,0.00031738952303325484,0.0,0.009999585111708667,0.0
115.694,0.0,269.952,0.0,741.625,1097.605,143.579,0.1112,0.0,1.2978,0.1112,385.646,198.504,0.3723077641152767,0.20967796306062864,0.6999994813896682,0.5967741935483871,0.4032258064516129,35.8528,51.0614,57.8298,0.3000005186103317,0.0,0.6999994813896682,0.0002883473444550485,0.0,0.0033652624427496585,0.0002883473444550485
115.694,0.0,293.684,0.0,741.625,1097.605,143.579,0.1112,0.5562,1.2978,0.0,409.37800000000004,204.769,0.3507247580475746,0.22258118886708025,0.7173907733195237,0.5967741935483871,0.4032258064516129,41.179,54.7731,58.7692,0.2826092266804762,0.0,0.7173907733195237,0.00027163159720289894,0.0013586465320526294,0.0031701752414561354,0.0
115.694,77.129,192.823,0.0,706.027,1029.376,145.359,0.2225,0.0,1.7057,0.0,385.646,203.095,0.3769233960678965,0.2222227344311379,0.6999994813896682,0.5931625103794335,0.40683748962056654,33.3997,52.9862,56.5059,0.3000005186103317,0.19999948138966825,0.5,0.0005769539940759739,0.0,0.004422968214361298,0.0
117.473,117.473,156.631,0.0,676.955,1038.275,148.325,0.0,0.0,1.4832,0.0,391.577,208.595,0.37878884612732616,0.22829416463098243,0.7000002553776141,0.6053269823872017,0.3946730176127983,30.4748,49.3205,56.9162,0.2999997446223859,0.2999997446223859,0.40000051075522824,0.0,0.0,0.0037877607724565343,0.0
117.473,117.473,156.631,0.0,797.988,919.615,147.732,0.1854,0.0,2.0394,0.0,391.577,208.471,0.3772744568756592,0.2279787587702164,0.7000002553776141,0.5354060280518839,0.4645939719481161,32.6741,49.6704,58.4935,0.2999997446223859,0.2999997446223859,0.40000051075522824,0.0004734700965570668,0.0,0.0052081710621277345,0.0
118.66,59.33,326.315,0.0,747.558,830.62,185.11,0.0,0.0,1.9282,0.0,504.305,234.98,0.3670596167002112,0.31954887218045114,0.7647058823529411,0.5263157894736843,0.4736842105263158,59.0191,72.0617,77.8924,0.23529411764705882,0.11764705882352941,0.6470588235294118,0.0,0.0,0.0038234798385821606,0.0
121.033,121.033,161.378,0.0,602.2,1168.801,156.631,0.0408,1.5129,0.0,0.0,403.44399999999996,215.035,0.3882347983858975,0.22780563082686003,0.7000004957317497,0.6599663128366386,0.3400336871633613,31.4401,49.0907,56.5715,0.2999995042682504,0.2999995042682504,0.40000099146349927,0.00010112927692541934,0.003749962820109483,0.0,0.0
124.593,103.828,186.89,0.0,759.424,949.28,145.359,0.3708,0.0,2.0394,0.0,415.311,219.455,0.3500003611751194,0.24305614079442664,0.7000007223502387,0.5555555555555556,0.4444444444444444,36.8525,52.584,,0.2999992776497613,0.2500006019585323,0.45000012039170645,0.0008928248950764782,0.0,0.00491053692292063,0.0
133.492,133.492,177.99,0.0,824.687,978.945,158.411,0.0,0.7045,0.7787,0.0,444.974,236.441,0.3560005753145128,0.2467099718789642,0.700000449464463,0.5427631578947368,0.45723684210526316,33.8817,67.1698,73.5264,0.2999995505355369,0.2999995505355369,0.4000008989289262,0.0,0.0015832385712388067,0.0017499898870456476,0.0
138.239,138.239,183.923,0.0,726.792,949.28,153.071,0.1446,0.7898,1.2199,0.0,460.401,244.175,0.33247321356817205,0.2746904667579913,0.6997421812724126,0.5663718503739695,0.43362814962603036,50.2085,68.5818,73.7931,0.3002578187275875,0.3002578187275875,0.39948436254482506,0.00031407403545971,0.001715461087178969,0.002649646721004842,0.0
138.239,138.239,183.923,0.0,812.821,949.873,148.325,0.0,0.864,1.8688,0.0,460.401,244.4,0.3221648085038911,0.261191675923331,0.6997421812724126,0.5388757209135562,0.4611242790864438,55.82,70.1611,75.716,0.3002578187275875,0.3002578187275875,0.39948436254482506,0.0,0.0018766249421659019,0.004059070245277358,0.0
142.392,0.0,332.248,0.0,830.62,978.945,156.631,0.0,0.0,3.708,0.0,474.64,242.722,0.3299995786280128,0.2622950819672131,0.7,0.5409836065573771,0.45901639344262296,52.5013,68.9067,70.7219,0.3,0.0,0.7,0.0,0.0,0.007812236642491548,0.0
145.952,0.0,97.301,0.0,901.816,1038.275,148.325,0.1224,0.3041,0.0,0.0,243.253,184.831,0.6097560975609756,0.12538226299694188,0.3999991778107567,0.5351681957186545,0.4648318042813456,13.5482,24.7637,,0.6000008221892433,0.0,0.3999991778107567,0.000503179816896387,0.0012501387444296675,0.0,0.0
162.564,83.062,262.832,0.0,668.056,952.84,163.158,0.482,0.0,1.4832,0.0,508.45799999999997,272.262,0.3208878609442668,0.31368946557953126,0.6802803771402949,0.5878477089214853,0.4121522910785146,37.2908,45.2296,52.1014,0.31971962285970523,0.1633605922219731,0.5169197849183217,0.0009479642369655941,0.0,0.0029170550959903927,0.0
162.564,83.062,262.832,0.0,710.18,1031.155,165.531,0.0,0.0,1.4832,0.0,508.45799999999997,272.661,0.32555491309016676,0.291993212104506,0.6802803771402949,0.5921634837638937,0.4078365162361062,55.6935,60.933,80.7999,0.31971962285970523,0.1633605922219731,0.5169197849183217,0.0,0.0,0.0029170550959903927,0.0
162.564,83.062,262.832,0.0,717.893,1031.155,165.531,0.0,1.4832,3.0035,0.0,508.45799999999997,272.681,0.32555491309016676,0.2907055724028157,0.6802803771402949,0.589552144938275,0.41044785506172504,54.186,66.4298,72.9869,0.31971962285970523,0.1633605922219731,0.5169197849183217,0.0,0.0029170550959903927,0.005907075903996186,0.0
162.564,83.062,262.832,0.0,771.29,952.84,173.244,0.0,0.0,2.781,0.0,508.45799999999997,272.53,0.34072430761242817,0.2949069965721842,0.6802803771402949,0.552649742188814,0.44735025781118587,63.3146,66.2816,84.3516,0.31971962285970523,0.1633605922219731,0.5169197849183217,0.0,0.0,0.0054694783049819866,0.0
163.158,0.0,245.033,0.0,631.864,1109.471,151.292,0.1891,0.0,1.0197,0.0,408.191,241.426,0.37064021499739097,0.23441267762951987,0.6002900602904033,0.637138172723801,0.36286182727619903,34.7278,48.9168,63.2438,0.39970993970959673,0.0,0.6002900602904033,0.0004632635212425966,0.0,0.002498095254421342,0.0
163.158,0.0,245.033,0.0,634.831,1109.471,151.292,0.1038,1.0197,0.0,0.0,408.191,241.434,0.37064021499739097,0.23401394941930923,0.6002900602904033,0.6360544217687074,0.3639455782312925,33.4191,47.1076,,0.39970993970959673,0.0,0.6002900602904033,0.00025429272080899803,0.002498095254421342,0.0,0.0
163.158,0.0,245.033,0.0,687.635,1109.471,151.292,0.2596,2.0394,0.0,0.0,408.191,241.571,0.37064021499739097,0.2271379651506366,0.6002900602904033,0.6173653640909329,0.38263463590906716,35.4297,53.6764,53.8481,0.39970993970959673,0.0,0.6002900602904033,0.0006359767853758756,0.004996190508842684,0.0,0.0
166.124,62.296,186.89,0.0,792.056,889.95,141.205,0.927,0.0,3.3001,0.0,415.30999999999995,249.222,0.3399990368640294,0.2469135068483703,0.6,0.5291003718179365,0.47089962818206355,47.2071,61.9862,,0.4,0.1499987960800366,0.4500012039199634,0.0022320676121397706,0.0,0.007946112542419047,0.0
170.87,52.804,276.478,26.699,698.907,1000.304,142.392,0.0,0.0,3.5226,0.0,500.15200000000004,275.06,0.28469745197459967,0.29434366891457275,0.6583638573873543,0.5886873378291454,0.4113126621708546,77.8127,90.5772,96.6124,0.34163614261264574,0.10557590492490282,0.5527879524624514,0.0,0.0,0.00704305891007725,0.0
172.057,0.0,258.086,14.833,860.285,889.95,166.124,0.0,0.0,5.562,0.0,430.14300000000003,254.069,0.38620644762323225,0.2457629975403303,0.6000004649616523,0.5084745762711864,0.4915254237288135,49.2631,61.6047,73.1534,0.3999995350383477,0.0,0.6000004649616523,0.0,0.0,0.012930583550091643,0.0
172.057,62.296,290.717,0.0,786.123,978.945,141.205,0.0,0.0,3.0406,0.0,525.0699999999999,283.164,0.2689260479555107,0.2974786240530109,0.6723160721427619,0.5546216916288778,0.44537830837112224,64.1332,78.652,84.9487,0.3276839278572381,0.11864322852191138,0.5536728436208506,0.0,0.0,0.005790846934683394,0.0
176.21,90.775,266.985,0.0,761.797,949.873,145.952,0.0,0.0,2.1692,0.0,533.97,290.422,0.2733337078862108,0.31195849667284,0.6700001872764387,0.5549393282583676,0.44506067174163244,65.0712,66.6206,82.7159,0.32999981272356127,0.17000018727643876,0.5,0.0,0.0,0.0040624005093843054,0.0
176.21,90.775,266.985,0.0,814.601,949.873,145.952,0.0,1.0012,2.1692,0.0,533.97,290.559,0.2733337078862108,0.3026227646312725,0.6700001872764387,0.5383321035050672,0.46166789649493273,62.3507,90.0432,96.6006,0.32999981272356127,0.17000018727643876,0.5,0.0,0.0018750117047739107,0.0040624005093843054,0.0
177.99,0.0,118.66,0.0,844.859,1014.543,148.325,0.2336,0.5562,0.0,0.0,296.65,223.81,0.5,0.15954054045332852,0.4,0.5456286483503836,0.4543713516496164,21.9024,32.6904,,0.6000000000000001,0.0,0.4,0.0007874599696585625,0.0018749367941956014,0.0,0.0
177.99,0.0,177.99,0.0,771.29,1008.61,160.191,0.0556,0.0,0.7416,0.0,355.98,239.26,0.45,0.2,0.5,0.5666666666666667,0.4333333333333333,25.8554,46.2868,54.7138,0.5,0.0,0.5,0.00015618854991809598,0.0,0.0020832631046629494,0.0
177.99,0.0,266.985,0.0,615.845,1038.275,165.531,0.2596,0.0,1.1124,0.0,444.975,262.46,0.3720006741951795,0.2690101080937296,0.6,0.6276902522187024,0.3723097477812976,41.403,55.8016,59.3409,0.4,0.0,0.6,0.0005834035619965539,0.0,0.0024999157255969438,0.0
177.99,0.0,266.985,0.0,659.75,1008.61,148.325,0.1038,0.0,1.854,0.0,444.975,262.465,0.3333333333333333,0.26671401855714594,0.6,0.6045517753961974,0.3954482246038025,56.235,80.0252,,0.4,0.0,0.6,0.0002332715321080212,0.0,0.00416652620932824,0.0
177.99,0.0,266.985,0.0,665.089,1008.61,167.904,0.1854,0.0,2.781,0.0,444.975,262.479,0.3773335580650598,0.26586321674327346,0.6,0.6026232912847531,0.3973767087152469,53.6578,69.3904,,0.4,0.0,0.6,0.000416652620932824,0.0,0.006249789313992359,0.0
177.99,0.0,266.985,0.0,665.089,1008.61,168.497,0.1854,0.0,0.927,0.0,444.975,262.479,0.3786662172032137,0.26586321674327346,0.6,0.6026232912847531,0.3973767087152469,50.0403,72.0398,,0.4,0.0,0.6,0.000416652620932824,0.0,0.00208326310466412,0.0
177.99,0.0,266.985,0.0,735.692,1008.61,168.497,0.2966,0.927,2.781,0.0,444.975,262.662,0.3786662172032137,0.25510204081632654,0.6,0.5782312925170068,0.42176870748299317,53.2665,73.4467,,0.4,0.0,0.6,0.0006665543008019179,0.00208326310466412,0.006249789313992359,0.0
177.99,0.0,266.985,0.0,878.677,889.95,163.751,0.0,0.0,0.0,0.0,444.975,262.595,0.368000449463453,0.2515934677012168,0.6,0.5031869354024336,0.4968130645975664,40.1103,62.5355,,0.4,0.0,0.6,0.0,0.0,0.0,0.0
177.99,38.564,286.564,14.833,812.821,976.572,130.526,0.0,1.1124,2.4102,0.0,503.11800000000005,280.651,0.2594341685250776,0.2811668537878488,0.6462261338294396,0.5457560189405011,0.454243981059499,77.7964,106.0791,111.0426,0.3537738661705604,0.07665001053430805,0.5695761232951315,0.0,0.0022110121283631058,0.004790526278120062,0.0
177.99,71.196,106.794,0.0,711.96,1085.739,130.526,0.445,0.0,1.372,0.0,355.98,243.948,0.3666666666666667,0.19801980198019803,0.5,0.6039603960396039,0.39603960396039606,34.4237,51.7846,52.4982,0.5,0.19999999999999998,0.3,0.00125007022866102,0.0,0.003854149109489707,0.0
177.99,71.196,106.794,0.0,711.96,1085.739,137.646,0.1483,0.0,1.6686,0.0,355.98,243.948,0.38666779032529913,0.19801980198019803,0.5,0.6039603960396039,0.39603960396039606,35.7333,51.5394,55.4924,0.5,0.19999999999999998,0.3,0.00041659643800096463,0.0,0.0046873419854916365,0.0
177.99,71.196,106.794,0.0,711.96,1085.739,138.239,0.2966,0.0,1.4832,0.0,355.98,243.948,0.38833361424799145,0.19801980198019803,0.5,0.6039603960396039,0.39603960396039606,34.8219,51.2981,57.7931,0.5,0.19999999999999998,0.3,0.0008331928760019293,0.0,0.004166526209325899,0.0
177.99,71.196,106.794,0.0,711.96,1085.739,138.832,0.1483,0.0,1.2978,0.0,355.98,243.948,0.3899994381706837,0.19801980198019803,0.5,0.6039603960396039,0.39603960396039606,35.4109,53.8577,,0.5,0.19999999999999998,0.3,0.00041659643800096463,0.0,0.0036457104331601617,0.0
177.99,71.196,106.794,0.0,717.893,1085.739,135.272,0.2225,0.0,1.2236,0.0,355.98,243.963,0.3799988763413675,0.19736842105263158,0.5,0.6019736842105263,0.3980263157894737,34.6194,52.5939,58.0145,0.5,0.19999999999999998,0.3,0.00062503511433051,0.0,0.003437271756830616,0.0
177.99,71.196,106.794,0.0,717.893,1111.251,135.272,0.0853,0.0,1.2978,0.0,355.98,244.058,0.3799988763413675,0.19461562348289693,0.5,0.6075251593094912,0.3924748406905088,39.8018,58.1045,63.4259,0.5,0.19999999999999998,0.3,0.00023962020338153935,0.0,0.0036457104331601617,0.0
177.99,71.196,106.794,0.0,717.893,1111.251,135.272,0.1854,0.0,1.4832,0.0,355.98,244.058,0.3799988763413675,0.19461562348289693,0.5,0.6075251593094912,0.3924748406905088,37.1972,56.3905,60.1309,0.5,0.19999999999999998,0.3,0.0005208157761657374,0.0,0.004166526209325899,0.0
177.99,71.196,106.794,0.0,717.893,1111.251,135.866,0.1854,0.0,1.1124,0.0,355.98,244.058,0.3816675094106411,0.19461562348289693,0.5,0.6075251593094912,0.3924748406905088,38.7794,57.6747,64.6139,0.5,0.19999999999999998,0.3,0.0005208157761657374,0.0,0.003124894656994424,0.0
177.99,71.196,106.794,0.0,717.893,1127.27,135.272,0.0853,0.0,1.2978,0.0,355.98,244.117,0.3799988763413675,0.19292604501607719,0.5,0.6109324758842444,0.3890675241157556,39.31,54.8384,60.2084,0.5,0.19999999999999998,0.3,0.00023962020338153935,0.0,0.0036457104331601617,0.0
177.99,71.196,106.794,0.0,717.893,1127.27,135.272,0.1854,0.0,1.1124,0.0,355.98,244.117,0.3799988763413675,0.19292604501607719,0.5,0.6109324758842444,0.3890675241157556,38.3952,53.3173,59.0946,0.5,0.19999999999999998,0.3,0.0005208157761657374,0.0,0.003124894656994424,0.0
177.99,71.196,106.794,0.0,717.893,1127.27,137.646,0.1483,1.6686,1.6686,0.0,355.98,244.117,0.38666779032529913,0.19292604501607719,0.5,0.6109324758842444,0.3890675241157556,37.6692,54.9669,60.7426,0.5,0.19999999999999998,0.3,0.00041659643800096463,0.0046873419854916365,0.0046873419854916365,0.0
177.99,71.196,106.794,0.0,717.893,1170.581,135.272,0.0853,0.0,1.2978,0.0,355.98,244.277,0.3799988763413675,0.18850140377892416,0.5,0.6198555023791696,0.3801444976208304,39.3346,57.5282,60.7227,0.5,0.19999999999999998,0.3,0.00023962020338153935,0.0,0.0036457104331601617,0.0
177.99,71.196,106.794,0.0,741.625,1038.275,141.799,0.1854,1.6686,1.4461,0.0,355.98,243.849,0.3983341760773077,0.2,0.5,0.5833333333333334,0.41666666666666663,34.1773,51.9175,62.2511,0.5,0.19999999999999998,0.3,0.0005208157761657374,0.0046873419854916365,0.004062306871161126,0.0
177.99,71.196,106.794,0.0,744.592,1103.538,138.832,0.0667,0.0,1.3349,0.0,355.98,244.098,0.3899994381706837,0.19261632028049974,0.5,0.5971105928695492,0.40288940713045074,33.1293,52.3772,61.7426,0.5,0.19999999999999998,0.3,0.00018737007697008996,0.0,0.003749929771324934,0.0
177.99,74.163,220.114,0.0,787.902,964.113,136.459,0.0,0.5562,1.854,0.0,472.26700000000005,274.585,0.28894460125310467,0.2695564821077445,0.6231157374959503,0.5502880968484859,0.4497119031515141,57.5007,90.9238,97.8084,0.3768842625040496,0.15703616809982487,0.46607956939612544,0.0,0.0011777236182050031,0.003925745394016677,0.0
177.99,76.536,217.741,14.239,793.835,968.859,131.713,0.0,0.445,1.5944,0.0,472.26700000000005,274.855,0.2788952012315067,0.26792341722386304,0.6231157374959504,0.5496467339197841,0.45035326608021586,69.3681,101.9865,107.8116,0.3768842625040496,0.16206086811062384,0.46105486938532647,0.0,0.0009422635924150061,0.003376056341003339,0.0
177.99,88.995,88.995,0.0,730.352,1020.476,143.579,0.0445,0.0,1.3349,0.0,355.98,244.893,0.40333445699196585,0.20332094300525239,0.5,0.5828533699483901,0.41714663005160985,38.1607,55.6243,60.7084,0.5,0.25,0.25,0.000125007022866102,0.0,0.003749929771324934,0.0
177.99,106.794,0.0,0.0,717.893,1111.251,135.866,0.1483,0.0,1.4832,0.0,284.784,227.54,0.4770843867633014,0.15569249878631752,0.375,0.6075251593094912,0.3924748406905088,40.4263,63.1905,69.6715,0.625,0.375,0.0,0.0005207455475008401,0.0,0.005208157761653716,0.0
177.99,106.794,249.186,0.0,866.218,898.85,143.579,0.0,1.168,2.0023,0.0,533.97,292.925,0.2688896379946439,0.3025209227066606,0.6666666666666666,0.5092438364980839,0.49075616350191603,66.3184,95.6284,105.0703,0.3333333333333333,0.19999999999999998,0.4666666666666667,0.0,0.002187388804610395,0.00374983613310907,0.0
179.77,107.981,71.789,0.0,696.534,1088.706,143.579,0.0371,0.0,1.4461,0.0,359.53999999999996,248.608,0.3993408243867164,0.20139589074858283,0.5,0.6098373327955905,0.3901626672044095,37.1573,52.8001,59.5367,0.5000000000000001,0.3003309784724926,0.1996690215275074,0.0001031874061297681,0.0,0.004022083773699666,0.0
183.923,0.0,183.923,0.0,747.558,1091.672,148.325,0.0593,0.0,1.1606,0.0,367.846,247.29,0.4032258064516129,0.2,0.5,0.5935483870967742,0.4064516129032258,40.9434,60.9956,,0.5,0.0,0.5,0.00016120876671171848,0.0,0.003155124698914342,0.0
183.923,65.263,118.66,0.0,718.486,1020.476,145.952,0.0445,0.0,1.4943,0.0,367.846,251.128,0.396774737254177,0.2115319368680857,0.5,0.58683053453727,0.4131694654627301,43.7775,62.6741,66.0427,0.5,0.1774193548387097,0.3225806451612903,0.00012097453825752903,0.0,0.004062297809398329,0.0
183.923,65.263,118.66,0.0,718.486,1020.476,154.258,0.0445,0.0,1.4943,0.0,367.846,251.128,0.41935483870967744,0.2115319368680857,0.5,0.58683053453727,0.4131694654627301,44.1351,61.5472,,0.5,0.1774193548387097,0.3225806451612903,0.00012097453825752903,0.0,0.004062297809398329,0.0
183.923,65.263,118.66,0.0,742.812,1020.476,126.373,0.0927,0.0,1.1495,18.985,367.846,251.191,0.3435486589496692,0.20861368080540446,0.5,0.5787347273956381,0.42126527260436186,45.6634,63.2671,68.6649,0.5,0.1774193548387097,0.3225806451612903,0.0002520076336286054,0.0,0.0031249490275736995,0.05161127210829638
183.923,118.66,65.263,0.0,718.486,1020.476,145.952,0.0445,0.0,1.4943,0.0,367.846,254.545,0.396774737254177,0.2115319368680857,0.5,0.58683053453727,0.4131694654627301,43.8162,57.6862,,0.5,0.3225806451612903,0.1774193548387097,0.00012097453825752903,0.0,0.004062297809398329,0.0
189.856,0.0,275.884,8.9,815.788,889.95,166.124,0.0,0.0,2.9664,0.0,465.74,277.27,0.35668828101515865,0.2730431050958588,0.5923562502683901,0.5217389774983028,0.4782610225016972,48.4053,67.289,74.5681,0.4076437497316099,0.0,0.5923562502683901,0.0,0.0,0.006369218877471617,0.0
189.856,0.0,275.884,8.9,860.285,866.218,167.904,0.0,0.0,4.2642,0.0,465.74,277.298,0.36051015588096363,0.269759160569081,0.5923562502683901,0.5017182130584192,0.49828178694158076,58.7315,73.8099,79.0909,0.4076437497316099,0.0,0.5923562502683901,0.0,0.0,0.009155752136365448,0.0
189.856,0.0,284.784,0.0,815.788,889.95,166.124,0.0,0.0,3.3372,0.0,474.64,279.566,0.35,0.2782607879990948,0.6,0.5217389774983028,0.4782610225016972,51.6245,64.1144,69.1581,0.4,0.0,0.6,0.0,0.0,0.007031012978242393,0.0
189.856,65.263,124.593,0.0,745.778,1008.61,151.292,0.0964,0.0,1.5425,0.0,379.712,258.939,0.39843881678745996,0.21643558893471684,0.5,0.5749070331078416,0.4250929668921584,41.179,60.3773,64.2362,0.5,0.17187500000000003,0.328125,0.0002538766222814821,0.0,0.004062289313995706,0.0
189.856,68.23,207.655,0.0,726.792,1082.179,163.158,0.0,0.0,2.9108,0.0,465.741,282.063,0.35031916880841496,0.2574618388022804,0.5923571255268486,0.5982290484479851,0.4017709515520149,56.0904,72.0247,78.3598,0.4076428744731514,0.1464977315718393,0.44585939395500934,0.0,0.0,0.006249825546803375,0.0
189.856,75.942,113.914,0.0,729.759,1097.605,140.612,0.0705,0.0,1.4239,0.0,379.712,259.91,0.370312236642508,0.20779220779220778,0.5,0.6006493506493507,0.39935064935064934,35.5578,54.2325,61.5013,0.5,0.199998946570032,0.30000105342996797,0.00018566703185523325,0.0,0.0037499473284917256,0.0
192.229,0.0,128.153,0.0,783.156,1008.61,158.411,0.0816,0.8009,1.4016,0.0,320.382,241.056,0.49444413231704654,0.17880794701986755,0.4000006242547958,0.5629139072847682,0.43708609271523174,31.2505,44.8159,50.845,0.5999993757452042,0.0,0.4000006242547958,0.00025469595670089243,0.002499828329923342,0.004374777609215328,0.0
192.823,0.0,192.823,0.0,684.668,1109.471,154.258,0.1706,0.0,1.854,0.0,385.646,258.869,0.3999989627793365,0.21494767127853526,0.5,0.6183863123202828,0.3816136876797171,37.3857,54.373,,0.5,0.0,0.5,0.00044237461298589283,0.0,0.004807517775356655,0.0
192.823,77.129,115.694,0.0,630.085,1168.801,123.406,0.0964,0.0,1.2236,0.0,385.646,263.883,0.31999813300280566,0.2143804554596567,0.5,0.6497360032820312,0.3502639967179688,35.1131,50.5271,58.0475,0.5,0.19999948138966825,0.3000005186103317,0.0002499701799052759,0.0,0.0031728580096690414,0.0
192.823,77.129,115.694,0.0,682.295,1127.27,138.832,0.1112,0.0,1.4461,0.0,385.646,263.865,0.35999854789107105,0.21311530671736026,0.5,0.6229508196721312,0.3770491803278688,38.8228,50.8499,55.538,0.5,0.19999948138966825,0.3000005186103317,0.0002883473444550485,0.0,0.003749812003745015,0.0
192.823,77.129,115.694,0.0,685.262,1085.739,133.492,0.3337,0.0,1.854,0.0,385.646,263.719,0.34615165203321174,0.21775594706044774,0.5,0.6130651535487558,0.3869348464512442,39.4036,59.5937,,0.5,0.19999948138966825,0.3000005186103317,0.0008653013385310225,0.0,0.004807517775356655,0.0
192.823,77.129,115.694,0.0,685.262,1085.739,137.646,0.3152,0.0,1.854,0.0,385.646,263.719,0.3569231886237637,0.21775594706044774,0.5,0.6130651535487558,0.3869348464512442,35.3796,54.2117,59.0173,0.5,0.19999948138966825,0.3000005186103317,0.0008173298828438066,0.0,0.004807517775356655,0.0
195.196,0.0,195.196,0.0,824.687,1008.61,156.038,0.2225,0.0,2.9293,0.0,390.392,261.973,0.3996956904854608,0.21294531109798356,0.5,0.5501618122977346,0.44983818770226536,32.201,43.5621,,0.5,0.0,0.5,0.0005699399577845603,0.0,0.007503483677925,0.0
195.789,0.0,130.526,0.0,711.96,1228.131,130.526,0.0705,1.0197,0.0,0.0,326.315,246.041,0.4,0.16819571865443425,0.4,0.6330275229357798,0.3669724770642202,30.8834,46.3311,49.6767,0.6,0.0,0.4,0.0002160489097950874,0.003124894656993626,0.0,0.0
199.349,0.0,132.899,0.0,800.955,1014.543,153.071,0.1483,0.0,0.2076,0.0,332.248,249.839,0.4607130817943223,0.1830065359477124,0.39999939804001833,0.5588235294117647,0.4411764705882353,24.7177,37.6377,,0.6000006019599817,0.0,0.39999939804001833,0.00044635332642951544,0.0,0.0006248344610031518,0.0
199.349,0.0,132.899,0.0,887.577,1014.543,141.205,0.0,0.0,1.4832,0.0,332.248,250.065,0.42499879608003666,0.17467247071688433,0.39999939804001833,0.5333748659390575,0.4666251340609425,28.7511,39.3323,,0.6000006019599817,0.0,0.39999939804001833,0.0,0.0,0.004464135224276853,0.0
199.349,66.45,66.45,0.0,753.491,1023.443,150.698,0.0556,0.0,0.7898,0.0,332.24899999999997,254.002,0.4535694614581233,0.18697880731642255,0.4000012039163399,0.5759600525399368,0.42403994746006324,33.7499,45.8961,,0.5999987960836601,0.20000060195816996,0.20000060195816996,0.0001673443712391389,0.0,0.0023771328130336674,0.0
199.349,66.45,66.45,0.0,753.491,1023.443,153.665,0.0519,0.0,0.7898,0.0,332.24899999999997,254.002,0.46249951090898694,0.18697880731642255,0.4000012039163399,0.5759600525399368,0.42403994746006324,35.7769,50.8443,,0.5999987960836601,0.20000060195816996,0.20000060195816996,0.00015620814509552714,0.0,0.0023771328130336674,0.0
200.535,0.0,134.086,0.0,767.137,1014.543,157.818,0.2633,0.6267,0.0,0.0,334.621,251.308,0.4716320852546613,0.18781206501728706,0.4007100570496174,0.5694305374702529,0.4305694625297472,23.8042,40.6779,,0.5992899429503827,0.0,0.4007100570496174,0.0007868603584330127,0.0018728651220279876,0.0,0.0
200.535,0.0,134.086,0.0,786.123,1014.543,158.411,0.2633,0.6267,0.0,0.0,334.621,251.357,0.47340423942310855,0.1858317977903731,0.4007100570496174,0.5634265321830922,0.43657346781690776,26.5049,40.4063,78.2211,0.5992899429503827,0.0,0.4007100570496174,0.0007868603584330127,0.0018728651220279876,0.0,0.0
201.722,0.0,130.526,0.0,711.96,1186.6,124.593,0.4079,0.0,2.0394,7.1194,332.24800000000005,252.105,0.37499999999999994,0.17500000000000002,0.39285714285714285,0.625,0.37500000000000006,35.9969,53.2902,,0.6071428571428571,0.0,0.39285714285714285,0.0012276973826743042,0.0,0.006138185933380672,0.02142796946852523
201.722,0.0,133.492,0.0,786.123,1067.94,125.78,0.026,1.1124,0.1112,0.0,335.214,252.642,0.3752229918798141,0.1807996815642187,0.39822919090491443,0.5759998446654725,0.42400015533452745,24.9246,38.105,,0.6017708090950855,0.0,0.39822919090491443,7.756239297858216e-05,0.0033184771518990305,0.0003317283884314744,0.0
201.722,0.0,133.492,0.0,786.123,1067.94,151.292,0.2076,0.838,0.0,0.0,335.214,252.642,0.4513295984057945,0.1807996815642187,0.39822919090491443,0.5759998446654725,0.42400015533452745,31.7277,41.0414,,0.6017708090950855,0.0,0.39822919090491443,0.0006193058762443713,0.002499895589078917,0.0,0.0
202.909,0.0,135.272,0.0,666.276,1256.609,135.866,0.2114,0.0,0.8454,0.0,338.181,254.742,0.40175527306383274,0.1758716719928649,0.3999988172014395,0.653501899489569,0.34649810051043095,28.5098,47.7462,,0.6000011827985605,0.0,0.3999988172014395,0.0006251090392404508,0.0,0.0024998447576815384,0.0
202.909,0.0,135.272,0.0,675.175,1256.609,135.866,0.2114,0.8454,0.8454,0.0,338.181,254.765,0.40175527306383274,0.17506149755873326,0.3999988172014395,0.6504914628136479,0.3495085371863521,30.7531,47.9128,61.0876,0.6000011827985605,0.0,0.3999988172014395,0.0006251090392404508,0.0024998447576815384,0.0024998447576815384,0.0
204.688,0.0,136.459,0.0,786.123,978.945,160.191,0.0742,0.0,0.9641,0.0,341.147,256.204,0.469565905606674,0.19327697289849455,0.4000005862575371,0.5546216916288778,0.44537830837112224,26.1575,38.5046,48.9413,0.5999994137424629,0.0,0.4000005862575371,0.0002175015462536165,0.0,0.002826054457454335,0.0
204.688,68.23,68.23,0.0,818.754,1029.376,148.918,0.4264,0.0,1.0679,0.0,341.148,260.843,0.43652021996318313,0.18459091081255108,0.40000234502327436,0.5569824633548506,0.4430175366451494,41.5754,50.6305,,0.5999976549767255,0.20000117251163718,0.20000117251163718,0.001249897405228083,0.0,0.003130312943346787,0.0
206.468,0.0,137.646,0.0,758.831,1014.543,157.818,0.2707,0.6452,0.0,0.0,344.114,258.444,0.45862127085791343,0.19404479822079265,0.4000011624054819,0.572097594754406,0.427902405245594,25.918,38.1181,,0.5999988375945181,0.0,0.4000011624054819,0.000786657909876417,0.001874960042306111,0.0,0.0
206.468,0.0,137.646,0.0,765.357,1014.543,156.038,0.2707,0.6452,0.0,0.0,344.114,258.461,0.4534485664634395,0.1933333333333333,0.4000011624054819,0.57,0.42999999999999994,23.941,36.6803,45.1147,0.5999988375945181,0.0,0.4000011624054819,0.000786657909876417,0.001874960042306111,0.0,0.0
206.468,0.0,137.646,0.0,771.29,1008.61,154.851,0.0742,0.8603,1.3979,0.0,344.114,258.454,0.4499991281958886,0.1933333333333333,0.4000011624054819,0.5666666666666667,0.4333333333333333,30.4576,42.3338,,0.5999988375945181,0.0,0.4000011624054819,0.00021562621689261228,0.0025000435901983064,0.004062316557873082,0.0
206.468,0.0,137.646,0.0,777.816,1014.543,157.818,0.2151,0.6452,0.0,0.0,344.114,258.493,0.45862127085791343,0.1919894396156127,0.4000011624054819,0.5660378305908582,0.43396216940914184,22.2528,39.5587,,0.5999988375945181,0.0,0.4000011624054819,0.0006250835478921955,0.001874960042306111,0.0,0.0
206.468,0.0,137.646,0.0,789.089,1014.543,141.205,0.1224,0.0,0.4301,0.0,344.114,258.522,0.41034366518072507,0.1907894736842105,0.4000011624054819,0.5625,0.4375,22.6317,35.6804,,0.5999988375945181,0.0,0.4000011624054819,0.0003556960774616677,0.0,0.0012498764944139156,0.0
206.468,0.0,137.646,0.0,818.754,1008.61,148.325,0.1483,0.0,1.2236,0.0,344.114,258.578,0.43103448275862066,0.1883116883116883,0.4000011624054819,0.551948051948052,0.44805194805194803,29.3602,45.605,,0.5999988375945181,0.0,0.4000011624054819,0.0004309618324147493,0.0,0.003555798369134776,0.0
206.468,0.0,137.646,0.0,818.754,1008.61,154.851,0.0408,0.9678,0.8603,0.0,344.114,258.578,0.4499991281958886,0.1883116883116883,0.4000011624054819,0.551948051948052,0.44805194805194803,30.8092,42.761,,0.5999988375945181,0.0,0.4000011624054819,0.00011856535915388923,0.0028124400634591666,0.0025000435901983064,0.0
206.468,0.0,137.646,0.0,911.902,967.079,167.904,0.0,0.6452,1.5054,0.0,344.114,258.666,0.4879313250841291,0.18313862673438422,0.4000011624054819,0.5146826923742177,0.4853173076257823,24.5453,37.5567,,0.5999988375945181,0.0,0.4000011624054819,0.0,0.001874960042306111,0.004374713031133942,0.0
207.655,0.0,0.0,0.0,937.414,1038.275,148.325,0.0,0.3003,0.0,0.445,207.655,223.901,0.7142857142857142,0.1051051051051051,0.0,0.5255255255255256,0.47447447447447444,13.8671,17.369,,1.0,0.0,0.0,0.0,0.0014461486600301167,0.0,0.002142977534843163
207.655,0.0,88.995,0.0,818.754,1067.94,163.158,0.1224,0.4635,0.0,0.0,296.65,247.197,0.5500016854879488,0.15723270440251572,0.30000000000000004,0.5660377358490567,0.4339622641509434,23.7007,33.3534,,0.7000000000000001,0.0,0.30000000000000004,0.00041260744985534265,0.0015624473284963345,0.0,0.0
207.655,0.0,124.593,0.0,625.338,1275.595,122.813,0.2225,0.7416,2.9664,14.2387,332.248,256.861,0.3696425561628663,0.17478154148515493,0.375,0.6710362753447913,0.3289637246552088,43.028,58.4517,61.846,0.625,0.0,0.375,0.0006696804796396978,0.0022320676121384267,0.008928270448553707,0.04285563795705962
207.655,0.0,124.593,0.0,711.96,1174.734,139.426,0.1112,0.0,2.2248,0.0,332.248,256.713,0.41964436204281136,0.1761006289308176,0.375,0.6226415094339622,0.37735849056603776,35.4391,44.5861,,0.625,0.0,0.375,0.0003346897498244243,0.0,0.00669620283641528,0.0
207.655,0.0,124.593,0.0,760.611,1159.902,137.052,0.1112,0.0,2.9664,0.0,332.248,256.784,0.41249909706002746,0.17299961000003644,0.375,0.6039542559722325,0.3960457440277676,39.0473,49.941,,0.625,0.0,0.375,0.0003346897498244243,0.0,0.008928270448553707,0.0
207.655,0.0,207.655,0.0,702.467,1038.275,158.411,0.1854,0.0,1.2978,0.0,415.31,278.111,0.38142833064457876,0.23858216783417643,0.5,0.5964554195854411,0.4035445804145588,31.0695,44.0704,,0.5,0.0,0.5,0.0004464135224279541,0.0,0.0031248946569956784,0.0
207.655,0.0,207.655,0.0,702.467,1038.275,158.411,0.2596,0.0,1.1124,0.0,415.31,278.111,0.38142833064457876,0.23858216783417643,0.5,0.5964554195854411,0.4035445804145588,33.4948,47.1565,,0.5,0.0,0.5,0.0006250752449962075,0.0,0.0026784811345677245,0.0
207.655,59.33,0.0,0.0,741.625,1097.605,157.818,0.1669,0.0,0.0,0.0,266.985,243.072,0.5911118602168661,0.14516129032258066,0.2222222222222222,0.5967741935483871,0.4032258064516129,14.3301,20.9904,25.2634,0.7777777777777778,0.2222222222222222,0.0,0.0006251287525493,0.0,0.0,0.0
207.655,83.062,124.593,0.0,771.29,1067.94,157.818,0.0,1.2978,0.0,0.0,415.31,283.716,0.3800004815679854,0.22580645161290322,0.5,0.5806451612903226,0.4193548387096774,44.124,59.8053,67.3664,0.5,0.19999999999999998,0.3,0.0,0.0031248946569956784,0.0,0.0
207.655,88.995,88.995,0.0,688.228,1127.27,154.258,0.3708,0.0,1.4832,0.0,385.645,276.268,0.4,0.21241830065359477,0.46153846153846156,0.6209150326797386,0.3790849673202614,37.2097,49.1968,54.1511,0.5384615384615384,0.23076923076923078,0.23076923076923078,0.0009615060483061846,0.0,0.0038460241932247383,0.0
207.655,88.995,88.995,0.0,818.754,1067.94,146.545,0.0,0.0,1.7798,0.0,385.645,276.388,0.3799997406941617,0.20440251572327042,0.46153846153846156,0.5660377358490567,0.4339622641509434,43.5395,61.7105,69.0141,0.5384615384615384,0.23076923076923078,0.23076923076923078,0.0,0.0,0.004615125309534378,0.0
207.655,88.995,148.325,0.0,842.486,889.95,143.579,0.0,0.927,0.5562,0.0,444.97499999999997,291.454,0.32266756559357274,0.2568493150684931,0.5333333333333333,0.5136986301369862,0.48630136986301364,43.0678,61.0389,70.417,0.46666666666666673,0.20000000000000004,0.3333333333333333,0.0,0.0020832631046641204,0.001249957862798472,0.0
207.655,88.995,148.325,0.0,842.486,889.95,177.99,0.0,0.927,0.5562,0.0,444.97499999999997,291.454,0.4000000000000001,0.2568493150684931,0.5333333333333333,0.5136986301369862,0.48630136986301364,39.6621,56.537,64.6603,0.46666666666666673,0.20000000000000004,0.3333333333333333,0.0,0.0020832631046641204,0.001249957862798472,0.0
208.248,0.0,138.832,0.0,800.955,1038.275,158.411,0.0445,1.3015,0.0,0.0,347.08,260.82,0.45641062579232455,0.18870940556645988,0.4,0.5645161290322581,0.43548387096774194,28.6607,40.4406,,0.6,0.0,0.4,0.00012821251584612132,0.0037498559409826276,0.0,0.0
208.248,0.0,138.832,0.0,803.922,1038.275,160.784,0.0371,1.0012,0.0,0.0,347.08,260.827,0.4632476662440936,0.18840547455022452,0.4,0.5636069323747678,0.4363930676252322,24.8901,37.6454,,0.6,0.0,0.4,0.00010689178287395734,0.0028846375475311617,0.0,0.0
213.588,0.0,142.392,0.0,765.357,955.213,173.244,0.2225,0.0,1.1124,0.0,355.98,266.956,0.48666779032529917,0.20689655172413796,0.39999999999999997,0.5551724137931034,0.44482758620689655,30.801,40.5465,,0.6,0.0,0.39999999999999997,0.00062503511433051,0.0,0.003124894656994424,0.0
213.588,0.0,142.392,0.0,774.257,981.912,155.445,0.2596,0.0,1.372,0.0,355.98,267.078,0.4366677903252991,0.20270258727947027,0.39999999999999997,0.5591215879565122,0.4408784120434878,26.4081,39.4278,37.3222,0.6,0.0,0.39999999999999997,0.0007292544524952827,0.0,0.003854149109489707,0.0
213.588,0.0,142.392,0.0,783.156,978.945,156.038,0.0927,0.0,0.5933,0.0,355.98,267.09,0.43833361424799144,0.20202020202020202,0.39999999999999997,0.5555555555555556,0.44444444444444436,27.7686,40.1007,,0.6,0.0,0.39999999999999997,0.0002604078880828687,0.0,0.0016666666666619848,0.0
213.588,0.0,142.392,0.0,792.056,1023.443,156.631,0.1112,0.0,1.3349,0.0,355.98,267.278,0.4399994381706837,0.19607832337004868,0.39999999999999997,0.5637254550952658,0.4362745449047342,30.885,46.0102,,0.6,0.0,0.39999999999999997,0.00031237709983619196,0.0,0.003749929771324934,0.0
213.588,0.0,142.392,0.0,800.955,1008.61,160.191,0.0927,0.0,0.6304,0.0,355.98,267.246,0.45,0.19672131147540983,0.39999999999999997,0.5573770491803278,0.4426229508196721,28.0718,42.8199,53.1069,0.6,0.0,0.39999999999999997,0.0002604078880828687,0.0,0.0017708860048267572,0.0
213.588,0.0,142.392,0.0,806.888,1008.61,156.631,0.1483,0.0,0.5933,0.0,355.98,267.261,0.4399994381706837,0.19607843137254902,0.39999999999999997,0.5555555555555556,0.4444444444444445,29.673,40.0211,,0.6,0.0,0.39999999999999997,0.00041659643800096463,0.0,0.0016666666666619848,0.0
213.588,0.0,142.392,0.0,821.72,1067.94,160.191,0.0,0.0,1.4461,0.0,355.98,267.52,0.45,0.18838309537165415,0.39999999999999997,0.5651492861149625,0.43485071388503754,30.2289,43.9627,,0.6,0.0,0.39999999999999997,0.0,0.0,0.004062306871161126,0.0
213.588,0.0,142.392,0.0,885.204,1008.61,167.904,0.0,0.0,0.8899,0.0,355.98,267.465,0.47166694758132477,0.1879698851101534,0.39999999999999997,0.5325813411454347,0.46741865885456546,29.4151,46.8479,47.8337,0.6,0.0,0.39999999999999997,0.0,0.0,0.002499859542663914,0.0
214.181,0.0,156.631,0.0,684.075,1151.002,148.325,0.1409,0.0,1.2681,0.0,370.812,271.85,0.4000005393568708,0.20206890501052546,0.42240003020398476,0.6272227268937488,0.37277727310625114,39.0473,45.0994,,0.5775999697960152,0.0,0.42240003020398476,0.00037997691552490217,0.0,0.0034197922397241195,0.0
217.148,0.0,144.765,0.0,696.534,1053.108,158.411,0.1298,0.7861,0.0,0.0,361.913,271.497,0.4377046417232871,0.20684974411908266,0.39999944738100035,0.6018991313651593,0.3981008686348408,27.9399,40.7349,,0.6000005526189995,0.0,0.39999944738100035,0.00035864973073540144,0.002172068977897528,0.0,0.0
217.148,0.0,144.765,0.0,734.505,1050.141,153.071,0.089,0.0,0.7861,0.0,361.913,271.584,0.42294971443413193,0.2027925986442129,0.39999944738100035,0.5884309829512407,0.4115690170487592,26.1809,38.8207,,0.6000005526189995,0.0,0.39999944738100035,0.00024591545481857265,0.0,0.002172068977897528,0.0
217.148,0.0,144.765,0.0,734.505,1050.141,155.445,0.089,0.0,0.7861,0.0,361.913,271.584,0.42950930195931064,0.2027925986442129,0.39999944738100035,0.5884309829512407,0.4115690170487592,26.6351,36.8209,,0.6000005526189995,0.0,0.39999944738100035,0.00024591545481857265,0.0,0.002172068977897528,0.0
217.148,0.0,144.765,0.0,800.955,1038.275,148.325,0.1261,0.7527,0.0,0.0,361.913,271.713,0.40983606557377045,0.1967741935483871,0.39999944738100035,0.5645161290322581,0.43548387096774194,24.3733,38.5128,,0.6000005526189995,0.0,0.39999944738100035,0.0003484262792429439,0.002079781604965614,0.0,0.0
217.148,0.0,225.454,8.306,809.854,919.615,161.971,0.2818,0.0,3.1889,0.0,442.602,292.649,0.3659518032001663,0.25591785686820634,0.5093831478393681,0.5317325722519455,0.46826742774805447,46.7508,56.4071,71.5648,0.49061685216063194,0.0,0.5093831478393681,0.0006366893958892263,0.0,0.007204892883432057,0.0
217.741,0.0,144.765,0.0,795.022,919.615,177.99,0.0556,0.9048,0.8899,0.0,362.506,271.88,0.49099876967553646,0.2114185101569603,0.3993451142877635,0.5363321799307958,0.46366782006920415,29.8285,45.8034,,0.6006548857122366,0.0,0.3993451142877635,0.00015337677169439024,0.0024959586875734586,0.0024548559196193864,0.0
217.741,0.0,144.765,0.0,795.022,1067.94,167.904,0.0,0.0,1.1866,0.0,362.506,272.429,0.4631757819180924,0.19458582622726603,0.3993451142877635,0.5732484076433121,0.4267515923566879,34.2128,51.5872,,0.6006548857122366,0.0,0.3993451142877635,0.0,0.0,0.0032733251311612135,0.0
219.521,90.775,133.492,0.0,735.692,993.778,156.038,0.0,0.0,1.1124,0.0,443.788,300.664,0.3516048203196121,0.25660346811450907,0.5053471477372078,0.5746141881616912,0.42538581183830887,40.8175,60.4495,65.9388,0.4946528522627921,0.2045458642414847,0.30080128349572316,0.0,0.0,0.002506602251519855,0.0
220.708,0.0,147.138,0.0,747.558,1008.61,153.071,0.0779,0.9196,1.4943,0.0,367.846,275.822,0.4161279448464847,0.20945945945945946,0.3999989125884202,0.5743243243243243,0.42567567567567566,35.3494,49.5641,,0.6000010874115799,0.0,0.3999989125884202,0.000211773405174416,0.0024999592220589597,0.004062297809398329,0.0
222.488,0.0,148.325,0.0,711.96,1097.605,165.531,0.1149,0.0,0.0,0.0,370.813,278.237,0.4464002071124799,0.20491830909638503,0.39999946064458364,0.6065573770491803,0.39344262295081966,24.4458,38.2606,,0.6000005393554163,0.0,0.39999946064458364,0.00030985968668760305,0.0,0.0,0.0
222.488,0.0,148.325,0.0,711.96,1097.605,165.531,0.1149,0.0,3.708,0.0,370.813,278.237,0.4464002071124799,0.20491830909638503,0.39999946064458364,0.6065573770491803,0.39344262295081966,27.3175,39.578,,0.6000005393554163,0.0,0.39999946064458364,0.00030985968668760305,0.0,0.009999649418952412,0.0
222.488,0.0,148.325,0.0,771.29,978.945,155.445,0.0742,0.0,1.4461,0.0,370.813,277.953,0.41920051346635634,0.2118646924555845,0.39999946064458364,0.559322033898305,0.44067796610169485,33.1972,46.5375,55.7556,0.6000005393554163,0.0,0.39999946064458364,0.00020010085946231632,0.0,0.0038998093378498065,0.0
222.488,0.0,148.325,0.0,783.156,1023.443,156.038,0.1483,0.0,1.4461,0.0,370.813,278.148,0.4207997022758102,0.20525473555559368,0.39999946064458364,0.5665025830303239,0.43349741696967614,31.0092,44.5631,,0.6000005393554163,0.0,0.39999946064458364,0.0003999320412164624,0.0,0.0038998093378498065,0.0
222.488,88.995,133.492,0.0,653.223,1032.342,148.918,0.2966,0.419,1.854,0.0,444.975,303.118,0.33466599247148715,0.2639915992560358,0.49999887634136747,0.6124605102740032,0.3875394897259969,49.5251,69.6888,70.8348,0.5000011236586325,0.2,0.29999887634136746,0.0006665543008019179,0.0009416259340391221,0.00416652620932824,0.0
222.488,88.995,133.492,0.0,800.955,919.615,156.038,0.2781,0.0,2.5029,0.0,444.975,303.085,0.3506668913983932,0.2586206896551724,0.49999887634136747,0.5344827586206896,0.46551724137931033,51.9175,67.1894,69.9588,0.5000011236586325,0.2,0.29999887634136746,0.0006249789313992359,0.0,0.005624810382593123,0.0
224.267,0.0,149.512,0.0,723.233,1127.27,166.124,0.0,0.0,1.6352,0.0,373.779,280.554,0.4444444444444444,0.2019877838620094,0.4000010701510786,0.6091695068854253,0.3908304931145748,31.0353,44.5806,,0.5999989298489214,0.0,0.4000010701510786,0.0,0.0,0.004374777609217279,0.0
224.267,0.0,149.512,0.0,831.807,889.95,168.497,0.2929,0.7008,0.0,0.0,373.779,279.958,0.45079311571811154,0.2170916104885881,0.4000010701510786,0.5168847868775908,0.48311521312240924,27.4556,37.6088,,0.5999989298489214,0.0,0.4000010701510786,0.0007836181272870236,0.001874904689664548,0.0,0.0
225.454,106.794,23.732,0.0,720.86,1142.103,135.866,0.0556,0.8899,1.1124,0.0,355.98,283.669,0.3816675094106411,0.19108269997847513,0.3666666666666667,0.6130572641539311,0.38694273584606886,39.1385,51.0568,58.0718,0.6333333333333333,0.3,0.06666666666666667,0.00015618854991809598,0.002499859542663914,0.003124894656994424,0.0
228.421,97.895,0.0,0.0,741.625,1127.27,130.526,0.063,0.0,1.2236,0.0,326.316,277.594,0.39999877419433927,0.1746037096787139,0.3000006129028304,0.6031746031746031,0.3968253968253968,33.4888,41.9792,46.1161,0.6999993870971697,0.3000006129028304,0.0,0.00019306439157076866,0.0,0.0037497395162855956,0.0
228.421,97.895,0.0,0.0,771.29,1103.538,130.526,0.2225,0.0,1.2236,0.0,326.316,277.583,0.39999877419433927,0.17405116629365466,0.3000006129028304,0.5886075949367089,0.4113924050632911,30.268,42.127,48.5391,0.6999993870971697,0.3000006129028304,0.0,0.0006818543988015242,0.0,0.0037497395162855956,0.0
228.421,97.895,0.0,0.0,771.29,1103.538,130.526,0.2225,0.2966,1.2236,0.0,326.316,277.583,0.39999877419433927,0.17405116629365466,0.3000006129028304,0.5886075949367089,0.4113924050632911,32.5109,44.1609,51.1043,0.6999993870971697,0.3000006129028304,0.0,0.0006818543988015242,0.000908934897458571,0.0037497395162855956,0.0
230.2,94.928,265.205,0.0,732.132,952.84,144.765,0.0,0.0,2.9664,0.0,590.333,347.829,0.2452259995629585,0.3503518159352203,0.6100505985604735,0.5654930764428133,0.4345069235571867,64.6522,79.8643,88.3755,0.3899494014395265,0.1608041562982249,0.4492464422622486,0.0,0.0,0.005024960488393797,0.0
231.387,0.0,154.258,0.0,633.644,1186.6,154.258,0.241,1.9282,0.0,0.0,385.645,289.256,0.4,0.21186445333702514,0.4,0.6518906256523851,0.34810937434761496,33.1471,42.2419,,0.6,0.0,0.4,0.0006249270702313658,0.004999935173527467,0.0,0.0
231.387,0.0,154.258,0.0,641.357,1186.6,154.258,0.241,1.9282,0.0,0.0,385.645,289.276,0.4,0.21097049875899707,0.4,0.6491399961815294,0.3508600038184706,32.4628,39.5966,,0.6,0.0,0.4,0.0006249270702313658,0.004999935173527467,0.0,0.0
231.387,0.0,154.258,0.0,732.726,1085.739,133.492,0.3708,0.0,1.8911,0.0,385.645,289.14,0.3461525496246548,0.21207171982963652,0.4,0.5970634573665151,0.40293654263348483,44.7733,59.2608,60.7084,0.6,0.0,0.4,0.0009615060483061846,0.0,0.004903732707529195,0.0
231.387,0.0,154.258,0.0,768.324,919.615,177.99,0.0593,0.0,1.2051,0.0,385.645,288.618,0.46153846153846156,0.2284709340799638,0.4,0.5448153043445291,0.455184695655471,35.6287,54.641,,0.6,0.0,0.4,0.00015376836209427384,0.0,0.0031248946569951,0.0
231.387,0.0,154.258,0.0,771.29,1023.443,154.258,0.1112,0.0,1.6315,0.0,385.645,289.01,0.4,0.21487597319489862,0.4,0.5702480536102027,0.42975194638979725,36.6518,46.8943,53.179,0.6,0.0,0.4,0.0002883480921565472,0.0,0.0042305747513795575,0.0
231.387,0.0,154.258,0.0,786.123,1008.61,154.258,0.1112,0.0,1.4832,0.0,385.645,288.993,0.4,0.2148759731948986,0.4,0.5619833145097348,0.4380166854902651,36.0331,49.8146,,0.6,0.0,0.4,0.0002883480921565472,0.0,0.0038460241932247383,0.0
231.387,0.0,154.258,0.0,806.888,1011.577,153.665,0.0,0.0,1.7798,0.0,385.645,289.058,0.39846231637905327,0.21207171982963652,0.4,0.5562807092795297,0.4437192907204703,43.3173,59.4282,63.8159,0.6,0.0,0.4,0.0,0.0,0.004615125309534378,0.0
231.387,0.0,154.258,0.0,806.888,1070.906,173.837,0.0,0.0,1.854,0.0,385.645,289.278,0.45076949007506906,0.2053713027094559,0.4,0.5703000435617539,0.4296999564382462,39.2657,63.6157,,0.6,0.0,0.4,0.0,0.0,0.004807530241530923,0.0
231.387,0.0,154.258,0.0,857.319,949.28,153.665,0.0,1.6686,1.6686,0.0,385.645,288.959,0.39846231637905327,0.21346463714415873,0.4,0.5254514145086984,0.47454858549130163,37.606,52.4174,,0.6,0.0,0.4,0.0,0.0043267772173778305,0.0043267772173778305,0.0
233.76,0.0,156.038,0.0,560.668,1216.265,156.038,0.1112,0.7416,0.0,0.0,389.798,292.132,0.40030477324152514,0.21936561479808186,0.40030477324152514,0.6844743161391004,0.31552568386089963,23.7352,40.2194,,0.5996952267584749,0.0,0.40030477324152514,0.0002852759634470026,0.0019025238713336074,0.0,0.0
233.76,0.0,156.631,0.0,672.802,1109.471,157.224,0.2744,0.0,0.5414,0.0,390.39099999999996,292.185,0.40273469419120833,0.2190410784430892,0.40121570425547726,0.6225033987497987,0.3774966012502013,33.0489,42.8119,,0.5987842957445229,0.0,0.40121570425547726,0.000702885056262304,0.0,0.001386814757508788,0.0
233.76,0.0,156.631,0.0,688.228,1109.471,157.224,0.2596,0.7305,0.0,0.0,390.39099999999996,292.225,0.40273469419120833,0.21716149366495724,0.40121570425547726,0.6171617161716172,0.3828382838283828,28.3375,41.0813,,0.5987842957445229,0.0,0.40121570425547726,0.0006649743462306637,0.001871200924196841,0.0,0.0
234.354,0.0,77.129,0.0,771.29,1109.471,153.665,0.2225,0.5933,0.0,0.0,311.483,272.075,0.493333504557231,0.16561540780567016,0.24761865013499934,0.5899053627760252,0.41009463722397477,31.1557,36.7968,,0.7523813498650007,0.0,0.24761865013499934,0.0007143246982958482,0.0019047588471861876,0.0,0.0
234.354,0.0,100.861,0.0,777.223,1067.94,150.698,0.1669,0.4783,0.0,0.0,335.21500000000003,278.202,0.4495562549408588,0.18167229670224258,0.30088450695822083,0.5787781350482315,0.42122186495176844,25.4244,36.5767,,0.6991154930417791,0.0,0.30088450695822083,0.0004978894142550366,0.0014268454573887598,0.0,0.0
234.354,0.0,100.861,0.0,780.19,1067.94,150.698,0.2076,0.419,0.0,0.0,335.21500000000003,278.21,0.4495562549408588,0.18138063880787608,0.30088450695822083,0.5778489608414993,0.4221510391585008,28.4351,35.6482,,0.6991154930417791,0.0,0.30088450695822083,0.0006193040287558155,0.0012499440657451188,0.0,0.0
234.354,0.0,100.861,0.0,780.19,1067.94,150.698,0.2076,0.482,0.0,0.0,335.21500000000003,278.21,0.4495562549408588,0.18138063880787608,0.30088450695822083,0.5778489608414993,0.4221510391585008,27.7525,34.79,,0.6991154930417791,0.0,0.30088450695822083,0.0006193040287558155,0.0014378831496161034,0.0,0.0
234.354,0.0,100.861,0.0,789.089,1067.94,150.698,0.1669,0.0,0.838,0.0,335.21500000000003,278.233,0.4495562549408588,0.18051145135590238,0.30088450695822083,0.5750798722044729,0.4249201277955272,29.0844,38.0361,,0.6991154930417791,0.0,0.30088450695822083,0.0004978894142550366,0.0,0.0024998881314902376,0.0
234.354,0.0,100.861,0.0,789.089,1067.94,150.698,0.2076,0.419,0.0,0.0,335.21500000000003,278.233,0.4495562549408588,0.18051145135590238,0.30088450695822083,0.5750798722044729,0.4249201277955272,27.4067,37.5764,,0.6991154930417791,0.0,0.30088450695822083,0.0006193040287558155,0.0012499440657451188,0.0,0.0
234.354,0.0,100.861,0.0,795.022,1067.94,150.698,0.0371,0.1112,0.0,0.0,335.21500000000003,278.249,0.4495562549408588,0.17993657412228486,0.30088450695822083,0.5732484076433121,0.4267515923566879,29.7946,40.8526,,0.6991154930417791,0.0,0.30088450695822083,0.00011067523827957975,0.0003317273988325948,0.0,0.0
234.354,0.0,100.861,0.0,795.022,1067.94,150.698,0.1854,0.6304,0.0,0.0,335.21500000000003,278.249,0.4495562549408588,0.17993657412228486,0.30088450695822083,0.5732484076433121,0.4267515923566879,27.2343,39.1347,41.0583,0.6991154930417791,0.0,0.30088450695822083,0.0005530778753917543,0.0018805841027344221,0.0,0.0
234.354,0.0,100.861,0.0,795.022,1067.94,150.698,0.2114,0.6341,0.0,0.0,335.21500000000003,278.249,0.4495562549408588,0.17993657412228486,0.30088450695822083,0.5732484076433121,0.4267515923566879,26.4563,35.5072,,0.6991154930417791,0.0,0.30088450695822083,0.0006306400369893035,0.001891621794961766,0.0,0.0
234.354,0.0,156.038,0.0,711.96,1097.605,142.392,0.241,0.8565,0.0,14.2387,390.39200000000005,292.709,0.36474108075985157,0.21573803648943257,0.3996956904854607,0.6065573770491803,0.39344262295081966,31.2057,43.6976,,0.6003043095145392,0.0,0.3996956904854607,0.0006173282239374338,0.0021939486464830375,0.0,0.03647282731194165
234.354,0.0,156.038,0.0,717.893,1038.275,156.038,0.2744,0.0,2.4473,0.0,390.39200000000005,292.505,0.3996956904854607,0.2222976389502599,0.3996956904854607,0.5912162162162162,0.40878378378378377,32.233,44.4975,,0.6003043095145392,0.0,0.3996956904854607,0.0007028832558026217,0.0,0.006268827230050131,0.0
234.354,0.0,156.038,0.0,726.792,1067.94,156.631,0.1965,1.4647,0.0,0.0,390.39200000000005,292.638,0.4012146765302567,0.2175210560685384,0.3996956904854607,0.5950414880884723,0.40495851191152776,29.9577,41.5409,42.7475,0.6003043095145392,0.0,0.3996956904854607,0.0005033402323805217,0.003751869915357507,0.0,0.0
234.947,0.0,127.56,0.0,706.027,1056.074,163.158,0.1594,0.0,0.6786,0.0,362.507,285.643,0.45008234323750984,0.20572430297695762,0.35188286019304454,0.5993265993265994,0.4006734006734007,23.2353,36.2894,,0.6481171398069554,0.0,0.35188286019304454,0.00043971564686905433,0.0,0.0018719638517273544,0.0
234.947,0.0,127.56,0.0,706.027,1056.074,163.158,0.1594,0.6786,0.0,0.0,362.507,285.643,0.45008234323750984,0.20572430297695762,0.35188286019304454,0.5993265993265994,0.4006734006734007,27.4411,36.864,,0.6481171398069554,0.0,0.35188286019304454,0.00043971564686905433,0.0018719638517273544,0.0,0.0
234.947,0.0,156.631,0.0,608.726,1115.404,163.158,0.1112,0.0,0.7342,0.0,391.578,293.285,0.41666794355147635,0.22711628473490975,0.39999948924607615,0.6469372959115611,0.35306270408843876,29.0959,39.1393,,0.6000005107539239,0.0,0.39999948924607615,0.00028397918166933795,0.0,0.0018749776545110427,0.0
234.947,0.0,156.631,0.0,688.228,1103.538,132.899,0.4413,0.0,3.708,0.0,391.578,293.448,0.33939342864001554,0.21854304635761587,0.39999948924607615,0.6158940397350993,0.3841059602649006,32.569,46.4909,,0.6000005107539239,0.0,0.39999948924607615,0.001126978533009702,0.0,0.009469377748470372,0.0
234.947,0.0,156.631,0.0,713.74,1038.275,158.411,0.2225,0.0,0.9789,0.0,391.578,293.272,0.40454519916849263,0.22350151111719932,0.39999948924607615,0.5926176431137862,0.4073823568862139,30.5498,40.6349,52.6114,0.6000005107539239,0.0,0.39999948924607615,0.0005682137403006088,0.0,0.002499885080360746,0.0
234.947,0.0,156.631,0.0,741.625,1038.275,163.158,0.1038,0.0,0.0,0.0,391.578,293.345,0.41666794355147635,0.21999999999999997,0.39999948924607615,0.5833333333333334,0.41666666666666663,28.2563,43.1564,,0.6000005107539239,0.0,0.39999948924607615,0.00026508128648630654,0.0,0.0,0.0
234.947,0.0,156.631,0.0,756.458,1038.275,155.445,0.1112,0.8751,0.0,0.0,391.578,293.383,0.3969707184775447,0.21818175739789702,0.39999948924607615,0.5785122355247271,0.42148776447527286,28.8523,43.7719,,0.6000005107539239,0.0,0.39999948924607615,0.00028397918166933795,0.0022348037938744393,0.0,0.0
234.947,0.0,156.631,0.0,777.816,1067.94,145.952,0.1001,0.0,0.9159,0.0,391.578,293.549,0.3727277834811966,0.21215046842594576,0.39999948924607615,0.5785921866162158,0.4214078133837842,36.4675,48.504,,0.6000005107539239,0.0,0.39999948924607615,0.00025563233889479075,0.0,0.0023389975943430455,0.0
234.947,0.0,156.631,0.0,793.242,889.95,173.244,0.1854,0.0,0.2447,0.0,391.578,292.93,0.4424252639320902,0.23264012661657135,0.39999948924607615,0.5287275604922077,0.4712724395077923,27.648,39.351,,0.6000005107539239,0.0,0.39999948924607615,0.00047346888742351857,0.0,0.0006249074258497033,0.0
234.947,0.0,156.631,0.0,830.62,1008.61,154.258,0.0,0.0,1.7131,0.0,391.578,293.467,0.393939393939394,0.2129032258064516,0.39999948924607615,0.5483870967741935,0.45161290322580644,38.3068,59.279,60.2119,0.6000005107539239,0.0,0.39999948924607615,0.0,0.0,0.004374862734871789,0.0
237.32,0.0,83.062,0.0,720.86,1171.768,123.406,0.0667,0.0,0.0,0.0,320.382,276.85,0.38518393667559353,0.16927890742396287,0.25925925925925924,0.619122194113159,0.3808778058868409,22.1494,35.2897,,0.7407407407407407,0.0,0.25925925925925924,0.00020818897441114608,0.0,0.0,0.0
237.32,0.0,94.928,0.0,658.563,1139.136,150.698,0.241,0.0,0.2225,0.0,332.248,279.699,0.45357082661144693,0.1848184818481848,0.2857142857142857,0.6336633663366337,0.36633663366336633,27.7859,35.2322,,0.7142857142857143,0.0,0.2857142857142857,0.0007253617779468187,0.0,0.0006696804796396978,0.0
237.32,0.0,97.301,0.0,665.089,1151.002,138.239,0.2225,0.0,0.0,0.0,334.621,280.387,0.41312111313994043,0.18425343223439794,0.29077971794956087,0.6337799152134997,0.3662200847865003,27.4067,40.8017,,0.7092202820504392,0.0,0.29077971794956087,0.0006649313701152501,0.0,0.0,0.0
237.32,0.0,103.828,0.0,669.836,1127.27,153.665,0.1409,0.0,0.2151,0.0,341.148,282.034,0.450435001817393,0.18983187413541552,0.3043488456622932,0.6272696212688622,0.37273037873113773,20.2189,31.5665,,0.6956511543377067,0.0,0.3043488456622932,0.00041301722419473944,0.0,0.0006305181328906208,0.0
237.32,0.0,154.258,0.0,525.07,1275.595,133.492,0.2596,0.7416,0.9641,14.2387,391.578,295.52,0.3409078140242812,0.21746299283875678,0.393939393939394,0.7084021736414048,0.2915978263585953,44.9625,58.2676,,0.6060606060606061,0.0,0.393939393939394,0.0006629585931776991,0.0018938755496940743,0.002462089289994683,0.036362359478733834
237.32,0.0,154.258,0.0,634.238,1097.605,143.579,0.3152,0.0,0.0,0.0,391.578,295.146,0.36666768817451445,0.22610479125417254,0.393939393939394,0.6337785815457867,0.36622141845421324,28.9087,43.7651,,0.6060606060606061,0.0,0.393939393939394,0.000804948184012368,0.0,0.0,0.0
237.32,0.0,237.32,0.0,704.247,1044.208,147.138,0.1854,0.0,2.0394,0.0,474.64,317.058,0.3099991572560256,0.27146251976745184,0.5,0.5972175434883941,0.40278245651160594,51.042,75.0799,75.1083,0.5,0.0,0.5,0.0003906118321245774,0.0,0.0042967301533703515,0.0
237.32,59.33,0.0,0.0,846.639,1038.275,148.325,0.2336,0.0,0.3708,0.0,296.65,274.214,0.5,0.1573811855607205,0.2,0.5508341494625218,0.44916585053747804,16.1797,23.8329,,0.8,0.2,0.0,0.0007874599696585625,0.0,0.0012499578627970676,0.0
237.32,59.33,0.0,0.0,857.319,1008.61,156.631,0.1224,1.2978,1.0382,0.0,296.65,274.132,0.5279993258048206,0.1589824693222518,0.2,0.5405403956956562,0.4594596043043438,21.5449,29.8798,34.3282,0.8,0.2,0.0,0.00041260744985534265,0.004374852519789737,0.003499747176795889,0.0
237.32,88.995,118.66,0.0,550.582,1172.954,150.698,0.2225,0.0,1.1124,0.0,444.975,314.999,0.33866621720321366,0.25817563427743895,0.4666666666666666,0.6805509139350729,0.31944908606492695,44.2787,58.6852,67.8336,0.5333333333333333,0.2,0.26666666666666666,0.0005000280914646889,0.0,0.0024999157255969438,0.0
237.32,103.828,0.0,0.0,759.424,1142.103,129.933,0.0408,1.0642,0.0,0.0,341.148,288.967,0.3808698863836223,0.17940739205911882,0.3043488456622932,0.6006241299755407,0.3993758700244593,38.1706,47.0546,54.1105,0.6956511543377067,0.3043488456622932,0.0,0.00011959618699180533,0.0031194672107029225,0.0,0.0
237.32,118.66,0.0,0.0,731.539,1079.806,143.579,0.0371,0.0,1.4461,0.0,355.98,293.529,0.40333445699196585,0.19652799439090843,0.3333333333333333,0.5961349163190889,0.4038650836809111,35.1116,46.2962,,0.6666666666666666,0.3333333333333333,0.0,0.00010421933816477269,0.0,0.004062306871161126,0.0
240.287,0.0,160.191,0.0,884.017,978.945,154.258,0.0,0.0,1.8169,0.0,400.478,300.032,0.38518470427838736,0.2149684212560428,0.39999950059678685,0.5254777070063694,0.4745222929936306,38.8864,54.4916,58.1535,0.6000004994032132,0.0,0.39999950059678685,0.0,0.0,0.004536828489943176,0.0
240.287,0.0,192.823,0.0,771.29,949.28,150.698,0.1335,0.3708,0.0,0.0,433.11,308.244,0.34794394033848214,0.2517247191337755,0.4452056059661518,0.5517241379310345,0.4482758620689655,34.7809,47.1602,,0.5547943940338482,0.0,0.4452056059661518,0.00030823578305671026,0.0008561335457485255,0.0,0.0
240.287,80.096,0.0,0.0,806.295,1038.275,153.665,0.0,0.5933,0.0,0.0,320.38300000000004,284.03,0.4796290689580907,0.17368980304352777,0.2500007803160592,0.5628818640658798,0.4371181359341201,27.5393,37.5318,42.9716,0.7499992196839407,0.2500007803160592,0.0,0.0,0.0018518460717271146,0.0,0.0
240.287,88.995,88.995,0.0,671.616,1038.275,158.411,0.1483,0.0,1.2978,0.0,418.27700000000004,310.094,0.37872271246088113,0.24462202561449825,0.42553140622123614,0.6072170682224773,0.39278293177752266,38.2843,55.63,,0.5744685937787638,0.21276570311061807,0.21276570311061807,0.0003545497361787653,0.0,0.003102728574597449,0.0
240.287,88.995,88.995,0.0,671.616,1038.275,158.411,0.3708,0.7416,2.6141,1.3349,418.27700000000004,310.094,0.37872271246088113,0.24462202561449825,0.42553140622123614,0.6072170682224773,0.39278293177752266,40.1251,54.2241,60.6969,0.5744685937787638,0.21276570311061807,0.21276570311061807,0.0008864938784564141,0.0017729877569128282,0.006249686212710119,0.0031914257776468904
242.066,0.0,161.378,0.0,677.549,1044.208,160.784,0.3152,0.7416,0.0,0.0,403.44399999999996,301.914,0.39852866816708143,0.23432110338450776,0.40000099146349927,0.6064781499363732,0.39352185006362683,28.4938,44.5564,41.8006,0.5999990085365008,0.0,0.40000099146349927,0.0007812732374238277,0.0018381733276443867,0.0,0.0
242.066,0.0,161.378,0.0,822.314,830.62,175.617,0.2336,0.7564,1.0086,0.0,403.44399999999996,301.5,0.4352946133788085,0.2440775009770505,0.40000099146349927,0.5025125020115746,0.4974874979884254,26.9355,44.6885,,0.5999990085365008,0.0,0.40000099146349927,0.0005790146835729891,0.0018748574771173328,0.002499975213406322,0.0
243.253,65.263,0.0,0.0,866.218,978.945,160.784,0.0371,0.5784,0.6749,0.0,308.51599999999996,282.21,0.5211528737569526,0.16720257234726685,0.2115384615384616,0.5305466237942122,0.46945337620578775,26.5487,34.5858,36.954,0.7884615384615385,0.2115384615384616,0.0,0.00012025308249776269,0.0018747812106928825,0.0021875688781062006,0.0
245.033,81.282,0.0,0.0,818.754,1008.61,153.071,0.1298,0.0,1.2978,0.0,326.315,289.316,0.4690896832814918,0.17857142857142858,0.24909060263855476,0.551948051948052,0.44805194805194803,29.2357,38.7869,,0.7509093973614452,0.24909060263855476,0.0,0.00039777515590641626,0.0,0.0039771386543555245,0.0
245.626,0.0,103.234,0.0,643.73,1245.93,128.746,0.1075,0.4153,0.0,0.0,348.86,290.953,0.36904775554663766,0.18461522178592973,0.2959181333486212,0.6593408338007896,0.34065916619921044,26.6597,34.4738,,0.7040818666513787,0.0,0.2959181333486212,0.0003081465344255342,0.0011904488906690637,0.0,0.0
246.22,61.11,102.048,0.0,682.295,1127.27,184.516,0.0,0.5117,0.0,0.0,409.378,310.968,0.45072280386342206,0.2262300608157209,0.39855097245088894,0.6229508196721312,0.3770491803278688,21.4082,43.9557,52.4987,0.6014490275491111,0.1492752419524254,0.24927573049846355,0.0,0.0012499450385676566,0.0,0.0
246.813,0.0,156.631,0.0,664.496,1097.605,167.904,0.1891,0.0,3.0257,0.3337,403.44399999999996,305.799,0.41617671845411014,0.2289562289562289,0.3882347983858975,0.6228956228956228,0.37710437710437705,26.0684,42.6881,43.2489,0.6117652016141026,0.0,0.3882347983858975,0.0004687143692793332,0.0,0.007499677774344148,0.0008271284242650105
246.813,0.0,156.631,0.0,664.496,1097.605,168.497,0.1891,0.7564,3.0257,0.0,403.44399999999996,305.799,0.41764656309177983,0.2289562289562289,0.3882347983858975,0.6228956228956228,0.37710437710437705,26.7238,42.2815,44.4137,0.6117652016141026,0.0,0.3882347983858975,0.0004687143692793332,0.0018748574771173328,0.007499677774344148,0.0
249.186,0.0,106.794,0.0,714.926,1109.471,154.258,0.1298,1.6686,0.0,7.1194,355.98,295.304,0.43333333333333335,0.19512200469525,0.3,0.6081302479668625,0.39186975203313756,28.4754,42.6096,,0.7,0.0,0.3,0.00036462722624764135,0.0046873419854916365,0.0,0.019999438170627562
249.186,0.0,106.794,0.0,728.572,1109.471,154.258,0.1112,1.6686,0.0,0.0,355.98,295.34,0.43333333333333335,0.19367337978491253,0.3,0.6036153669963107,0.3963846330036892,29.0226,37.4587,,0.7,0.0,0.3,0.00031237709983619196,0.0046873419854916365,0.0,0.0
249.186,0.0,106.794,0.0,728.572,1109.471,154.258,0.178,1.3349,0.0,0.0,355.98,295.34,0.43333333333333335,0.19367337978491253,0.3,0.6036153669963107,0.3963846330036892,29.004,41.2383,,0.7,0.0,0.3,0.000500028091464408,0.003749929771324934,0.0,0.0
249.186,0.0,106.794,0.0,732.726,1109.471,157.224,0.178,0.8899,0.0,0.0,355.98,295.351,0.441665262093376,0.19323666252849178,0.3,0.6022542648804661,0.39774573511953387,29.1562,40.6647,,0.7,0.0,0.3,0.000500028091464408,0.002499859542663914,0.0,0.0
249.186,0.0,142.392,0.0,622.965,1216.265,139.426,0.7416,0.0,2.8922,14.2387,391.578,304.858,0.35606188294541574,0.2129032258064516,0.36363636363636365,0.6612903225806452,0.33870967741935487,35.3371,45.3104,,0.6363636363636365,0.0,0.36363636363636365,0.0018938755496940743,0.0,0.007386012493022116,0.036362359478733834
249.186,0.0,142.392,0.0,622.965,1216.265,142.392,0.2596,0.0,2.2248,0.0,391.578,304.858,0.36363636363636365,0.2129032258064516,0.36363636363636365,0.6612903225806452,0.33870967741935487,36.2113,49.355,,0.6363636363636365,0.0,0.36363636363636365,0.0006629585931776991,0.0,0.005681626649082223,0.0
249.186,0.0,166.124,0.0,545.836,1216.265,158.411,0.2596,2.0765,1.2978,0.0,415.31,310.923,0.38142833064457876,0.23569023569023567,0.39999999999999997,0.6902356902356902,0.30976430976430974,23.0974,48.1427,,0.6,0.0,0.39999999999999997,0.0006250752449962075,0.00499987960799162,0.0031248946569956784,0.0
249.186,0.0,166.124,0.0,607.539,1186.6,137.052,0.6118,0.0,3.1147,18.985,415.31,310.974,0.32999927764802195,0.2314815072856674,0.39999999999999997,0.6613757351019068,0.3386242648980932,40.4477,51.6224,,0.6,0.0,0.39999999999999997,0.0014731164672137124,0.0,0.0074996990199910915,0.045712841010219565
249.186,0.0,166.124,0.0,630.085,1186.6,137.646,0.3337,0.8899,3.1147,18.985,415.31,311.032,0.3314295345645421,0.22860870211401538,0.39999999999999997,0.6531677203257582,0.34683227967424185,40.8804,54.1713,,0.6,0.0,0.39999999999999997,0.0008034961835717814,0.0021427367508556434,0.0074996990199910915,0.045712841010219565
249.186,0.0,166.124,0.0,630.085,1186.6,141.205,0.6118,0.0,3.1147,14.2387,415.31,311.032,0.3399990368640293,0.22860870211401538,0.39999999999999997,0.6531677203257582,0.34683227967424185,38.7313,46.6086,,0.6,0.0,0.39999999999999997,0.0014731164672137124,0.0,0.0074996990199910915,0.03428451036566833
249.186,0.0,166.124,0.0,676.362,1103.538,131.119,0.4153,0.7787,2.8552,18.985,415.31,310.845,0.31571356336230766,0.2333333333333333,0.39999999999999997,0.62,0.37999999999999995,37.9212,44.4118,,0.6,0.0,0.39999999999999997,0.0009999759215983243,0.0018749849509959427,0.006874864558987564,0.045712841010219565
249.186,0.0,166.124,0.0,678.735,1067.94,158.411,0.2596,2.0765,1.2978,0.0,415.31,310.72,0.38142833064457876,0.23777176635607652,0.39999999999999997,0.611413113487054,0.388586886512946,30.1618,45.848,,0.6,0.0,0.39999999999999997,0.0006250752449962075,0.00499987960799162,0.0031248946569956784,0.0
249.186,0.0,166.124,0.0,706.027,1038.275,153.071,0.1854,0.0,1.0382,0.0,415.31,310.681,0.36857046543545785,0.23809523809523808,0.39999999999999997,0.5952380952380952,0.40476190476190477,34.0618,43.5634,,0.6,0.0,0.39999999999999997,0.0004464135224279541,0.0,0.002499819411999471,0.0
249.186,0.0,166.124,0.0,882.83,889.95,137.052,0.3708,0.5191,3.6338,14.2387,415.31,310.592,0.32999927764802195,0.23427046785275102,0.39999999999999997,0.5020081453987522,0.49799185460124773,32.0768,46.8593,,0.6,0.0,0.39999999999999997,0.0008928270448559082,0.0012499097059997355,0.008749608725990827,0.03428451036566833
249.186,0.0,166.124,23.732,668.649,1008.61,160.784,0.3263,0.7787,3.1147,0.0,415.31,310.616,0.38714213479087906,0.2476123246320336,0.39999999999999997,0.6013442169635101,0.3986557830364899,29.0959,53.0135,,0.6,0.0,0.39999999999999997,0.0007856781681134918,0.0018749849509959427,0.0074996990199910915,0.0
249.186,0.0,166.124,23.732,668.649,1008.61,160.784,0.3263,0.7787,3.1147,18.985,415.31,310.616,0.38714213479087906,0.2476123246320336,0.39999999999999997,0.6013442169635101,0.3986557830364899,30.2551,54.9067,,0.6,0.0,0.39999999999999997,0.0007856781681134918,0.0018749849509959427,0.0074996990199910915,0.045712841010219565
249.186,0.0,166.124,23.732,687.635,1008.61,144.172,0.3263,0.7787,3.1147,18.985,415.31,310.666,0.34714309792684983,0.2448408101424028,0.39999999999999997,0.5946133960601211,0.40538660393987896,38.3469,59.3404,,0.6,0.0,0.39999999999999997,0.0007856781681134918,0.0018749849509959427,0.0074996990199910915,0.045712841010219565
249.186,0.0,166.124,23.732,687.635,1008.61,148.325,0.3263,0.7787,3.1147,14.2387,415.31,310.666,0.3571428571428571,0.2448408101424028,0.39999999999999997,0.5946133960601211,0.40538660393987896,36.2588,54.4724,,0.6,0.0,0.39999999999999997,0.0007856781681134918,0.0018749849509959427,0.0074996990199910915,0.03428451036566833
249.186,83.062,112.727,0.0,628.898,1067.94,177.99,0.4005,0.0,1.2978,0.0,444.975,323.738,0.4,0.26223776223776224,0.43999999999999995,0.6293706293706294,0.3706293706293706,39.5131,52.4092,,0.5599999999999999,0.18666666666666665,0.25333333333333335,0.0009000505646364401,0.0,0.002916568346529768,0.0
249.186,106.794,0.0,0.0,706.027,1127.27,142.392,0.1298,0.0,1.3349,0.0,355.98,302.182,0.39999999999999997,0.1941747572815534,0.3,0.6148867313915858,0.38511326860841427,34.8823,45.031,51.8172,0.7,0.3,0.0,0.00036462722624764135,0.0,0.003749929771324934,0.0
249.186,106.794,0.0,0.0,706.027,1127.863,135.866,0.2225,0.0,1.0753,0.0,355.98,302.184,0.3816675094106411,0.19411196963830982,0.3,0.6150112602173522,0.3849887397826478,36.5043,47.217,54.9409,0.7,0.3,0.0,0.00062503511433051,0.0,0.003020675318829651,0.0
249.186,106.794,0.0,0.0,706.027,1139.136,142.392,0.1001,0.0,1.0012,0.0,355.98,302.226,0.39999999999999997,0.19292604501607719,0.3,0.6173633440514469,0.38263665594855306,30.1215,42.7877,,0.7,0.3,0.0,0.000281195572784198,0.0,0.0028125175571582324,0.0
249.186,106.794,0.0,0.0,706.027,1139.136,142.392,0.1854,0.445,1.0012,0.0,355.98,302.226,0.39999999999999997,0.19292604501607719,0.3,0.6173633440514469,0.38263665594855306,31.3022,43.414,,0.7,0.3,0.0,0.0005208157761657374,0.00125007022866102,0.0028125175571582324,0.0
249.186,106.794,0.0,0.0,706.027,1156.935,135.272,0.2966,0.0,1.0753,0.0,355.98,302.292,0.3799988763413675,0.1910828025477707,0.3,0.6210191082802548,0.37898089171974525,35.1977,49.1326,53.9416,0.7,0.3,0.0,0.0008331928760019293,0.0,0.003020675318829651,0.0
249.186,106.794,0.0,0.0,753.491,1156.935,142.392,0.0,0.0,0.0,0.0,355.98,302.415,0.39999999999999997,0.1863354037267081,0.3,0.6055900621118012,0.3944099378881988,31.3775,40.1767,46.4017,0.7,0.3,0.0,0.0,0.0,0.0,0.0
249.186,106.794,0.0,0.0,812.821,1127.27,142.392,0.0,0.0,0.0,0.0,355.98,302.46,0.39999999999999997,0.1834862385321101,0.3,0.581039755351682,0.4189602446483181,33.0202,42.2189,48.677,0.7,0.3,0.0,0.0,0.0,0.0,0.0
250.966,0.0,166.124,0.0,800.955,1008.61,159.004,0.0,0.0,1.8243,0.0,417.09000000000003,312.683,0.3812222781653839,0.23049185854058848,0.39829293437867125,0.5573770491803278,0.4426229508196721,42.3123,53.0667,56.9212,0.6017070656213287,0.0,0.39829293437867125,0.0,0.0,0.004373876141829404,0.0
250.966,0.0,167.311,0.0,717.893,984.878,160.784,0.2633,0.7861,0.0,0.0,418.27700000000004,312.693,0.38439598639179295,0.24564489294215136,0.400000478152038,0.5783972125435539,0.42160278745644597,30.6127,44.5631,,0.5999995218479619,0.0,0.400000478152038,0.0006294871580301343,0.0018793765853683578,0.0,0.0
250.966,0.0,169.091,0.0,726.792,1038.275,167.904,0.0222,0.0,1.2125,0.0,420.057,313.384,0.39971718123968886,0.23798360062252596,0.40254298821350437,0.5882354607502152,0.41176453924978484,34.8486,46.2929,48.0042,0.5974570117864957,0.0,0.40254298821350437,5.2849970361039454e-05,0.0,0.00288651302084506,0.0
250.966,0.0,169.091,0.0,726.792,1038.275,167.904,0.1632,0.0,0.927,0.0,420.057,313.384,0.39971718123968886,0.23798360062252596,0.40254298821350437,0.5882354607502152,0.41176453924978484,31.184,41.1502,,0.5974570117864957,0.0,0.40254298821350437,0.00038851870103250627,0.0,0.002206843356967729,0.0
250.966,0.0,169.091,0.0,726.792,1038.275,167.904,0.2225,0.0,0.927,0.0,420.057,313.384,0.39971718123968886,0.23798360062252596,0.40254298821350437,0.5882354607502152,0.41176453924978484,29.3882,44.0851,,0.5974570117864957,0.0,0.40254298821350437,0.0005296900182581657,0.0,0.002206843356967729,0.0
250.966,0.0,169.091,0.0,800.955,978.945,148.325,0.089,0.0,2.2248,0.0,420.057,313.357,0.35310684026215483,0.23600033709758975,0.40254298821350437,0.55,0.45,33.612,48.4012,,0.5974570117864957,0.0,0.40254298821350437,0.00021187600730326626,0.0,0.005296424056722549,0.0
250.966,83.655,0.0,0.0,798.582,1023.443,151.292,0.1038,0.6229,0.0,0.0,334.621,296.314,0.452129424034953,0.1836533527256761,0.249999252886101,0.561706343217025,0.43829365678297494,24.959,34.7496,36.7835,0.7500007471138991,0.249999252886101,0.0,0.0003102016908672492,0.0018615089907630979,0.0,0.0
252.153,83.062,0.0,0.0,903.596,978.945,143.579,0.3708,0.0,1.6686,0.0,335.215,297.472,0.4283191384633743,0.1780651789257179,0.24778724102441718,0.5200125787433049,0.479987421256695,23.649,32.8388,,0.7522127589755828,0.24778724102441718,0.0,0.0011061557507835089,0.0,0.004977700878525789,0.0
252.746,0.0,168.497,0.0,792.056,889.95,153.071,0.1298,0.0,0.2447,0.0,421.24300000000005,314.713,0.36337933211946544,0.25044084266048994,0.3999995252146623,0.5291003718179365,0.47089962818206355,30.199,45.7582,,0.6000004747853376,0.0,0.3999995252146623,0.0003081356841530704,0.0,0.0005808998606491243,0.0
252.746,0.0,168.497,0.0,792.056,889.95,173.244,0.1854,0.0,0.2447,0.0,421.24300000000005,314.713,0.41126855520447814,0.25044084266048994,0.3999995252146623,0.5291003718179365,0.47089962818206355,28.6133,39.507,,0.6000004747853376,0.0,0.3999995252146623,0.00044012600802757523,0.0,0.0005808998606491243,0.0
252.746,0.0,168.497,0.0,806.888,889.95,186.89,0.089,0.0,1.016,0.0,421.24300000000005,314.752,0.44366315879433005,0.24825174825174826,0.3999995252146623,0.5244755244755245,0.47552447552447547,30.9739,43.6799,,0.6000004747853376,0.0,0.3999995252146623,0.0002112794752667432,0.0,0.002411909515404619,0.0
253.339,108.574,0.0,0.0,743.405,1014.543,150.698,0.2707,1.372,0.0,0.0,361.913,306.798,0.41639289000395124,0.20587241488371671,0.30000027630949977,0.5771177531986157,0.42288224680138436,29.6819,40.4033,,0.6999997236905002,0.30000027630949977,0.0,0.0007479698159481755,0.0037909663372031653,0.0,0.0
253.339,108.574,0.0,0.0,749.338,1014.543,133.492,0.2225,0.0,0.4524,0.0,361.913,306.814,0.3688510774688944,0.2051799412772177,0.30000027630949977,0.5751765566951512,0.42482344330484884,25.1659,39.2771,,0.6999997236905002,0.30000027630949977,0.0,0.0006147886370464317,0.0,0.0012500241770777784,0.0
253.339,108.574,0.0,0.0,755.271,1014.543,153.665,0.3337,0.0,0.4524,0.0,361.913,306.829,0.42459099286292556,0.20449211047036583,0.30000027630949977,0.5732483752529928,0.42675162474700734,31.1816,39.484,,0.6999997236905002,0.30000027630949977,0.0,0.0009220448008197494,0.0,0.0012500241770777784,0.0
253.339,108.574,0.0,0.0,755.271,1014.543,177.99,0.3337,0.0,0.4524,0.0,361.913,306.829,0.4918032786885246,0.20449211047036583,0.30000027630949977,0.5732483752529928,0.42675162474700734,31.285,39.823,,0.6999997236905002,0.30000027630949977,0.0,0.0009220448008197494,0.0,0.0012500241770777784,0.0
253.932,0.0,108.574,0.0,770.697,919.615,182.736,0.1965,0.9048,0.0,0.0,362.506,300.191,0.5040909667702052,0.21446099891617643,0.29950952535958025,0.5440504474913508,0.4559495525086493,24.7473,37.7231,,0.7004904746404198,0.0,0.29950952535958025,0.0005420599934882677,0.0024959586875734586,0.0,0.0
253.932,0.0,108.574,0.0,795.022,919.615,182.736,0.0556,0.0,0.1483,0.0,362.506,300.254,0.5040909667702052,0.2114185101569603,0.29950952535958025,0.5363321799307958,0.46366782006920415,31.447,45.4686,,0.7004904746404198,0.0,0.29950952535958025,0.00015337677169439024,0.0,0.0004090966770193898,0.0
253.932,0.0,111.54,0.0,765.357,1067.94,138.832,0.0371,0.0,0.1112,0.0,365.472,301.509,0.37987041414937395,0.199352314436777,0.3051943787759391,0.5825242718446603,0.4174757281553398,31.5091,46.1259,,0.694805621224061,0.0,0.3051943787759391,0.00010151256457375255,0.0,0.0003042640749488216,0.0
253.932,108.574,0.0,0.0,743.998,875.118,182.736,0.2262,0.9048,0.0,0.0,362.506,306.905,0.5040909667702052,0.22389130859061362,0.29950952535958025,0.5404912310174195,0.45950876898258064,21.9943,31.4799,35.463,0.7004904746404198,0.29950952535958025,0.0,0.0006239896718933647,0.0024959586875734586,0.0,0.0
254.526,137.052,0.0,0.0,685.262,1127.27,148.325,0.4895,1.4647,0.0,0.0,391.578,317.649,0.3787878787878788,0.21603922027307657,0.3499992338691142,0.6219310886649174,0.37806891133508264,32.5811,47.9558,55.5824,0.6500007661308859,0.3499992338691142,0.0,0.0012500702286613395,0.0037405063614305693,0.0,0.0
255.119,0.0,112.727,23.732,704.84,1067.94,154.258,0.6118,0.7416,2.9293,0.0,367.846,303.051,0.41935483870967744,0.2074967000981509,0.3064516129032258,0.6024097744785026,0.3975902255214973,41.8186,53.9283,,0.6935483870967741,0.0,0.3064516129032258,0.0016631960113698038,0.0020160610690288434,0.00796338685208494,0.0
255.119,0.0,136.459,0.0,711.96,1067.94,173.244,0.2225,0.927,0.0,0.0,391.578,309.192,0.4424252639320902,0.21999999999999997,0.3484848484848485,0.6,0.4,27.707,38.4927,42.1843,0.6515151515151516,0.0,0.3484848484848485,0.0005682137403006088,0.002367344437117593,0.0,0.0
258.086,112.727,0.0,0.0,711.96,1056.074,139.426,0.2225,0.445,1.6315,0.0,370.813,313.207,0.37600084139444945,0.20973182642415245,0.3039995900898836,0.5973154362416108,0.40268456375838924,36.5097,47.6846,55.3149,0.6960004099101165,0.3039995900898836,0.0,0.0006000329006787788,0.0012000658013575575,0.004399791808797427,0.0
258.679,86.622,0.0,0.0,685.855,1158.122,128.153,0.3523,0.0,1.4832,0.0,345.301,305.576,0.37113416989814685,0.18725884325021405,0.2508593951364172,0.628056640619704,0.37194335938029593,36.7503,47.367,52.6899,0.7491406048635827,0.2508593951364172,0.0,0.0010202692723130828,0.0,0.004295382868846904,0.0
261.052,0.0,112.727,29.665,646.697,1097.605,144.765,0.3708,0.7564,3.0406,16.6118,373.779,309.263,0.387301052226048,0.21428571428571427,0.3015873015873016,0.629251700680272,0.37074829931972786,37.8859,51.1384,,0.6984126984126985,0.0,0.3015873015873016,0.0009920300498396325,0.002023655689586564,0.008134753423792844,0.044442839217707676
261.052,0.0,124.593,32.632,615.252,1186.6,144.765,0.3893,0.7787,3.1518,18.985,385.64500000000004,312.661,0.37538409677293877,0.21402701220743994,0.32307692307692304,0.658544652945969,0.3414553470540311,38.6431,50.6223,,0.676923076923077,0.0,0.32307692307692304,0.0010094776283861855,0.002019214562610641,0.008172801410602568,0.04922921339561195
261.052,142.392,0.0,0.0,599.233,1127.27,169.684,0.0,0.7564,0.0,0.0,403.444,326.016,0.42058873102586725,0.2336769759450172,0.3529411764705882,0.6529209621993127,0.3470790378006873,22.6704,33.5031,39.2312,0.6470588235294118,0.3529411764705882,0.0,0.0,0.0018748574771173326,0.0,0.0
261.645,112.134,0.0,0.0,777.223,978.945,136.459,0.6304,1.0382,1.4276,14.2387,373.779,316.627,0.3650793650793651,0.21283783783783783,0.3000008026133089,0.5574324324324325,0.4425675675675675,34.6839,46.8859,51.0493,0.699999197386691,0.3000008026133089,0.0,0.0016865580998352326,0.002777577124443113,0.0038193691994365137,0.038093900406287955
261.645,112.134,0.0,0.0,830.62,933.854,129.933,0.482,1.0382,1.4276,14.2387,373.779,316.599,0.34761985023235653,0.21183593524189076,0.3000008026133089,0.5292534772402426,0.47074652275975726,37.0708,47.8284,54.1446,0.699999197386691,0.3000008026133089,0.0,0.0012895320496836647,0.002777577124443113,0.0038193691994365137,0.038093900406287955
261.645,112.134,0.0,0.0,830.62,933.854,132.306,0.6304,0.8899,1.2867,14.2387,373.779,316.599,0.35396852150602365,0.21183593524189076,0.3000008026133089,0.5292534772402426,0.47074652275975726,30.6989,39.2197,44.1265,0.699999197386691,0.3000008026133089,0.0,0.0016865580998352326,0.0023808186120611893,0.003442408482008239,0.038093900406287955
262.239,0.0,201.722,40.344,659.75,1086.926,151.292,0.8158,0.0,2.9664,0.0,463.961,334.06,0.3260877530654516,0.26562510734675465,0.4347822338515522,0.6222825526886497,0.37771744731135026,80.8225,93.4392,103.1594,0.5652177661484478,0.0,0.4347822338515522,0.0017583374464626156,0.0,0.006393640844798607,0.0
264.018,115.694,0.0,0.0,593.3,1258.389,140.612,0.2373,0.0,3.3001,0.0,379.712,320.837,0.370312236642508,0.2050625131974106,0.30468881678745996,0.6795898231290459,0.320410176870954,30.1263,40.0477,47.4222,0.6953111832125399,0.30468881678745996,0.0,0.0006249473284999555,0.0,0.00869106059326887,0.0
265.798,66.45,0.0,0.0,791.462,1014.543,153.071,0.2596,0.0,0.2076,0.0,332.248,306.164,0.4607130817943223,0.18396848292225104,0.20000120391996343,0.5617609032090165,0.4382390967909834,20.8222,28.0387,,0.7999987960800367,0.20000120391996343,0.0,0.000781344056244789,0.0,0.0006248344610031518,0.0
266.985,0.0,88.995,0.0,650.257,1256.609,141.205,0.2225,0.0,3.1147,0.0,355.98,309.635,0.3966655430080342,0.1866832803144007,0.25,0.6589917697415549,0.341008230258445,34.267,44.2023,,0.75,0.0,0.25,0.00062503511433051,0.0,0.008749648856652763,0.0
266.985,0.0,88.995,0.0,717.893,1109.471,157.224,0.178,0.8899,0.0,0.0,355.98,309.267,0.441665262093376,0.19480519480519481,0.25,0.6071428571428571,0.39285714285714285,25.8499,36.5678,,0.75,0.0,0.25,0.000500028091464408,0.002499859542663914,0.0,0.0
266.985,0.0,88.995,0.0,717.893,1109.471,157.224,0.2039,0.8899,0.4301,0.0,355.98,309.267,0.441665262093376,0.19480519480519481,0.25,0.6071428571428571,0.39285714285714285,29.9421,34.7381,,0.75,0.0,0.25,0.0005727849879190607,0.002499859542663914,0.0012082139446002354,0.0
266.985,0.0,88.995,0.0,768.324,1067.94,163.158,0.1557,0.5191,0.0,0.0,355.98,309.244,0.45833473790662393,0.19386101344904655,0.25,0.5815830403471396,0.4184169596528603,29.9183,38.8261,,0.75,0.0,0.25,0.000437384122702294,0.0014582279903324394,0.0,0.0
266.985,0.0,124.593,23.732,564.228,1186.6,161.971,0.3893,0.7787,3.1147,0.0,391.57800000000003,318.693,0.41363661901332555,0.22365303730577762,0.3181818181818182,0.6777364766841746,0.3222635233158254,36.6797,46.8547,,0.6818181818181818,0.0,0.3181818181818182,0.0009941825128046155,0.001988620402571164,0.007954226233322724,0.0
266.985,0.0,124.593,23.732,584.401,1186.6,137.646,0.3893,0.7787,3.1147,18.985,391.57800000000003,318.745,0.3515161730229992,0.2211054652143054,0.3181818181818182,0.6700165612554708,0.32998343874452923,33.492,45.4739,,0.6818181818181818,0.0,0.3181818181818182,0.0009941825128046155,0.001988620402571164,0.007954226233322724,0.048483316222953064
266.985,0.0,124.593,29.665,607.539,1186.6,138.239,0.5191,0.0,3.1147,18.985,391.57800000000003,318.841,0.35303055840726494,0.2182539925836293,0.3181818181818182,0.6613757351019068,0.3386242648980932,27.9755,46.3955,,0.6818181818181818,0.0,0.3181818181818182,0.0013256618093934651,0.0,0.007954226233322724,0.048483316222953064
266.985,0.0,148.325,29.665,884.017,697.128,148.325,0.1483,0.3708,1.4832,0.0,415.31,324.014,0.3571428571428571,0.26266408204181146,0.3571428571428571,0.44090073965385845,0.5590992603461415,42.2189,43.8966,50.5484,0.6428571428571429,0.0,0.3571428571428571,0.0003570826611438273,0.0008928270448559082,0.0035713081794236327,0.0
266.985,0.0,177.99,0.0,1038.275,593.3,173.244,0.2225,0.0,1.1124,0.0,444.975,331.684,0.38933423226023933,0.2727272727272727,0.4,0.3636363636363636,0.6363636363636364,29.2245,44.1404,,0.6,0.0,0.4,0.0005000280914646889,0.0,0.0024999157255969438,0.0
266.985,29.665,88.995,0.0,919.615,884.017,173.837,0.0,0.0,0.6674,0.0,385.64500000000004,318.687,0.45076949007506895,0.21381578947368424,0.30769230769230765,0.4901315789473684,0.5098684210526315,32.2847,50.4553,57.5109,0.6923076923076923,0.07692307692307691,0.23076923076923075,0.0,0.0,0.0017306071646158237,0.0
266.985,74.163,0.0,0.0,805.701,978.945,157.818,0.2151,1.1829,0.0,0.0,341.148,309.843,0.4626086038903936,0.1911572379060049,0.21739245137007981,0.5485373569884447,0.4514626430115552,23.2009,31.4401,,0.7826075486299201,0.21739245137007981,0.0,0.0006305181328906208,0.0034674100390344738,0.0,0.0
266.985,77.129,0.0,0.0,842.486,978.945,112.727,0.0556,0.6452,0.8603,0.0,344.11400000000003,310.911,0.3275862068965517,0.18892508143322476,0.22413793103448276,0.5374592833876222,0.46254071661237783,32.1783,39.8016,44.4574,0.7758620689655172,0.22413793103448276,0.0,0.00016157436198422156,0.0018749600423061108,0.002500043590198306,0.0
266.985,77.129,0.0,0.0,842.486,978.945,158.411,0.0556,0.6452,0.8603,0.0,344.11400000000003,310.911,0.4603445369848364,0.18892508143322476,0.22413793103448276,0.5374592833876222,0.46254071661237783,27.3529,37.6523,43.2753,0.7758620689655172,0.22413793103448276,0.0,0.00016157436198422156,0.0018749600423061108,0.002500043590198306,0.0
266.985,77.129,0.0,0.0,925.548,889.95,158.411,0.0111,0.4301,0.5377,0.0,344.11400000000003,310.798,0.4603445369848364,0.18954248366013074,0.22413793103448276,0.4901960784313726,0.5098039215686274,34.6806,39.8632,45.8009,0.7758620689655172,0.22413793103448276,0.0,3.225675212274927e-05,0.0012498764944139154,0.0015625635690452505,0.0
266.985,88.995,0.0,0.0,753.491,1032.342,160.191,0.1854,0.0,0.445,0.0,355.98,314.769,0.45,0.19933554817275748,0.25,0.5780730897009967,0.4219269102990033,26.4529,36.7089,,0.75,0.25,0.0,0.0005208157761657374,0.0,0.00125007022866102,0.0
266.985,88.995,0.0,0.0,753.491,1032.342,160.191,0.4079,0.0,0.445,0.0,355.98,314.769,0.45,0.19933554817275748,0.25,0.5780730897009967,0.4219269102990033,24.1454,33.1868,,0.75,0.25,0.0,0.0011458508904962474,0.0,0.00125007022866102,0.0
266.985,88.995,0.0,0.0,875.118,830.62,214.775,0.0,0.8899,0.0,0.0,355.98,314.339,0.6033344569919659,0.2086955909993211,0.25,0.48695637899841593,0.5130436210015841,27.4756,36.5652,,0.75,0.25,0.0,0.0,0.002499859542663914,0.0,0.0
266.985,88.995,0.0,0.0,913.682,934.448,163.751,0.0,0.0,1.3349,0.0,355.98,314.824,0.46000056182931626,0.19261632028049974,0.25,0.5056181112800506,0.4943818887199493,29.0011,38.8003,,0.75,0.25,0.0,0.0,0.0,0.003749929771324934,0.0
266.985,112.727,0.0,0.0,598.046,1186.6,147.138,0.482,0.8528,2.5956,18.985,379.712,322.72,0.38749894657003203,0.2127660051349119,0.296875,0.6648937660465997,0.33510623395340033,39.959,47.8553,,0.7031250000000001,0.296875,0.0,0.0012693831114074104,0.0022459126917183394,0.006835707062176503,0.04999841985491636
266.985,112.727,0.0,0.0,599.233,1186.6,144.172,0.4598,0.0,1.5574,18.985,379.712,322.723,0.379687763357492,0.21262458471760798,0.296875,0.6644518272425249,0.33554817275747506,21.9253,34.4595,34.8354,0.7031250000000001,0.296875,0.0,0.0012109177481849115,0.0,0.004101529580302699,0.04999841985491636
266.985,114.507,0.0,0.0,634.831,1186.6,141.799,0.1891,0.953,0.0,0.0,381.492,323.4,0.3716958678032567,0.20944630897354882,0.30015570444465417,0.6514657980456026,0.3485342019543974,24.6707,37.7278,42.2676,0.6998442955553459,0.30015570444465417,0.0,0.0004956853616838735,0.0024980864605221127,0.0,0.0
266.985,114.507,0.0,0.0,842.486,937.414,148.918,0.3263,0.0,2.6401,0.0,381.492,323.017,0.390356809579231,0.21433338951626496,0.30015570444465417,0.5266666666666666,0.47333333333333333,23.8903,39.3433,40.9779,0.6998442955553459,0.30015570444465417,0.0,0.0008553259308167528,0.0,0.0069204596688608915,0.0
267.578,0.0,67.043,0.0,830.62,1053.108,143.579,0.178,0.0,0.4857,0.0,334.621,304.177,0.42907946602275415,0.17763764195255363,0.2003550285248087,0.5590552351507223,0.4409447648492776,21.7662,35.311,,0.7996449714751913,0.0,0.2003550285248087,0.0005319450960922,0.0,0.0014514928829886605,0.0
268.172,0.0,177.99,0.0,706.027,919.615,157.818,0.0705,0.0,1.3942,0.0,446.16200000000003,333.272,0.35372353539745655,0.2744528008011604,0.3989358125523913,0.5656934306569343,0.4343065693430657,41.4746,54.565,,0.6010641874476087,0.0,0.3989358125523913,0.00015801435353042612,0.0,0.003124873924710924,0.0
269.952,0.0,115.694,0.0,685.855,1127.27,154.258,0.178,0.7231,0.0,0.0,385.646,319.407,0.3999989627793365,0.2126968631506377,0.3000005186103317,0.6217276801103068,0.37827231988969323,26.3125,37.3428,38.0591,0.6999994813896682,0.0,0.3000005186103317,0.00046156319526077913,0.001875035654455446,0.0,0.0
269.952,0.0,124.593,23.732,683.482,1067.94,135.272,0.6118,0.7787,2.9293,18.985,394.545,321.673,0.3428556945342103,0.2252712367436289,0.315789073489716,0.6097559583013118,0.39024404169868826,39.1391,52.5121,,0.6842109265102839,0.0,0.315789073489716,0.0015506469477460096,0.0019736658682736477,0.007424501641112105,0.04811871903066033
269.952,115.694,0.0,0.0,643.73,1201.433,130.526,0.3337,0.0,1.854,0.0,385.646,326.976,0.33846066081328474,0.2090037573916234,0.3000005186103317,0.6511256729080304,0.34887432709196964,24.5181,40.0586,44.3218,0.6999994813896682,0.3000005186103317,0.0,0.0008653013385310225,0.0,0.004807517775356655,0.0
269.952,115.694,0.0,0.0,682.295,1079.806,118.66,0.1446,0.0,1.4832,18.985,385.646,326.627,0.30769150983025884,0.2188557863595787,0.3000005186103317,0.6127946127946128,0.38720538720538716,43.5203,56.2276,62.1046,0.6999994813896682,0.3000005186103317,0.0,0.00037495526985791385,0.0,0.003846014220285324,0.04922908574171849
269.952,115.694,0.0,0.0,682.295,1079.806,148.325,0.0964,0.0,1.4832,0.0,385.646,326.627,0.3846143872878235,0.2188557863595787,0.3000005186103317,0.6127946127946128,0.38720538720538716,35.7149,44.9538,50.4007,0.6999994813896682,0.3000005186103317,0.0,0.0002499701799052759,0.0,0.003846014220285324,0.0
269.952,115.694,0.0,0.0,703.06,1097.605,145.359,0.3337,0.0,1.854,0.0,385.646,326.746,0.3769233960678965,0.214168654358251,0.3000005186103317,0.6095553587146971,0.39044464128530293,29.906,46.5396,,0.6999994813896682,0.3000005186103317,0.0,0.0008653013385310225,0.0,0.004807517775356655,0.0
269.952,115.694,0.0,0.0,735.692,1097.605,138.832,0.1483,0.0,1.2644,0.0,385.646,326.831,0.35999854789107105,0.2103565325203718,0.3000005186103317,0.598705501618123,0.40129449838187703,31.2944,39.3231,46.5626,0.6999994813896682,0.3000005186103317,0.0,0.000384549560995357,0.0,0.0032786545173467928,0.0
269.952,115.694,0.0,0.0,741.625,1008.61,141.799,0.445,0.0,1.6686,14.2387,385.646,326.517,0.36769213216265695,0.22033955440269448,0.3000005186103317,0.576271186440678,0.423728813559322,34.9501,48.0804,56.5052,0.6999994813896682,0.3000005186103317,0.0,0.0011539079881519479,0.0,0.00432676599782099,0.03692168465370593
269.952,115.694,0.0,0.0,741.625,1008.61,161.378,0.4079,0.0,0.5933,0.0,385.646,326.517,0.41846149058981547,0.22033955440269448,0.3000005186103317,0.576271186440678,0.423728813559322,26.8534,36.8344,,0.6999994813896682,0.3000005186103317,0.0,0.0010577057716116393,0.0,0.001538457549147305,0.0
269.952,115.694,0.0,0.0,741.625,1008.61,161.971,0.1854,0.0,1.854,0.0,385.646,326.517,0.41999917022346916,0.22033955440269448,0.3000005186103317,0.576271186440678,0.423728813559322,28.5347,40.1914,47.3162,0.6999994813896682,0.3000005186103317,0.0,0.0004807517775356655,0.0,0.004807517775356655,0.0
269.952,115.694,0.0,0.0,741.625,1008.61,161.971,0.2225,0.7416,1.854,0.0,385.646,326.517,0.41999917022346916,0.22033955440269448,0.3000005186103317,0.576271186440678,0.423728813559322,30.9437,43.9754,50.7644,0.6999994813896682,0.3000005186103317,0.0,0.0005769539940759739,0.001923007110142662,0.004807517775356655,0.0
270.545,0.0,91.962,0.0,839.52,1038.275,170.277,0.0,0.0,1.2978,0.0,362.507,313.833,0.46972058470595046,0.19304929451830471,0.2536833771485792,0.5529224436107243,0.4470775563892757,34.3704,45.9019,,0.7463166228514209,0.0,0.2536833771485792,0.0,0.0,0.0035800687986615983,0.0
270.545,0.0,180.363,0.0,831.807,858.505,165.531,0.0,0.0,2.1136,0.0,450.908,336.486,0.36710592848208506,0.2667602194151139,0.3999995564505398,0.5078973585941531,0.49210264140584703,41.976,50.9386,56.9011,0.6000004435494602,0.0,0.3999995564505398,0.0,0.0,0.004687430695386448,0.0
272.918,0.0,68.23,0.0,777.223,1023.443,147.138,0.0853,0.0,1.3312,0.0,341.148,309.838,0.431302543177741,0.18945656773660413,0.20000117251163718,0.5683691478597364,0.43163085214026364,27.6135,37.4615,,0.7999988274883628,0.0,0.20000117251163718,0.00025003810662747536,0.0,0.003902118728516942,0.0
272.918,0.0,68.23,0.0,800.955,1023.443,147.138,0.482,0.0,0.0,0.0,341.148,309.9,0.431302543177741,0.1869920927341512,0.20000117251163718,0.5609757300764416,0.4390242699235583,37.3007,46.034,,0.7999988274883628,0.0,0.20000117251163718,0.0014128765227953471,0.0,0.0,0.0
272.918,0.0,117.473,0.0,728.572,1067.94,157.818,0.1891,0.7416,0.0,0.0,390.391,322.877,0.404256245661401,0.21730497764557097,0.3009111378079925,0.5944519157122246,0.4055480842877754,29.2878,43.1579,,0.6990888621920075,0.0,0.3009111378079925,0.00048438616668805274,0.0018996339567205708,0.0,0.0
272.918,0.0,145.359,0.0,771.29,949.28,183.923,0.241,0.0,1.854,0.0,418.27700000000004,329.911,0.43971578642861064,0.24310373887723258,0.3475185104607712,0.5517241379310345,0.4482758620689655,30.1771,40.5185,43.0804,0.6524814895392287,0.0,0.3475185104607712,0.0005761732057928689,0.0,0.00443246939228207,0.0
272.918,47.464,0.0,0.0,717.893,1067.94,165.531,0.2002,0.0,0.2596,0.0,320.382,307.404,0.5166676030488604,0.1794019933554817,0.14814814814814814,0.5980066445182725,0.4019933554817276,15.7143,24.0397,26.0392,0.8518518518518519,0.14814814814814814,0.0,0.000624879050631356,0.0,0.0008102827249945057,0.0
272.918,59.33,0.0,0.0,706.027,1097.605,167.311,0.2559,0.6304,0.0,0.0,332.248,311.375,0.5035726324913921,0.18421052631578946,0.17857142857142858,0.6085526315789473,0.39144736842105265,25.2808,34.8411,,0.8214285714285715,0.17857142857142858,0.0,0.0007702077965833649,0.0018973778623140023,0.0,0.0
272.918,88.995,0.0,0.0,943.94,840.113,153.665,0.0556,0.6786,0.6786,0.0,361.913,320.771,0.42459099286292556,0.20286000471959073,0.2459016393442623,0.4709013689615723,0.5290986310384277,29.2683,36.0941,38.6107,0.7540983606557377,0.2459016393442623,0.0,0.00015362808188665886,0.0018750362656166674,0.0018750362656166674,0.0
272.918,118.66,0.0,0.0,741.625,1038.275,144.765,0.2447,0.0,2.9664,0.0,391.578,330.708,0.3696964589430458,0.21999999999999997,0.30303030303030304,0.5833333333333334,0.41666666666666663,27.1567,36.219,40.6331,0.696969696969697,0.30303030303030304,0.0,0.0006249074258497033,0.0,0.007575502198776297,0.0
272.918,118.66,0.0,0.0,889.95,949.28,144.765,0.0,1.1124,1.7057,0.0,391.578,330.765,0.3696964589430458,0.2129032258064516,0.30303030303030304,0.5161290322580645,0.4838709677419355,26.0545,35.9983,44.2769,0.696969696969697,0.30303030303030304,0.0,0.0,0.0028408133245411116,0.004355964839688757,0.0
273.511,0.0,116.88,0.0,735.692,1067.94,148.325,0.1965,0.0,2.9293,0.0,390.391,323.36,0.3799395990173953,0.21644714664632253,0.29939214787226137,0.5921052631578948,0.40789473684210525,34.7726,45.5054,,0.7006078521277386,0.0,0.29939214787226137,0.000503341521703873,0.0,0.007503502898357023,0.0
273.511,0.0,116.88,0.0,761.797,1097.605,173.244,0.0,0.0,0.0,0.0,390.391,323.538,0.44377047626610244,0.20995513611365374,0.29939214787226137,0.5902999996773156,0.4097000003226844,30.7344,46.5572,,0.7006078521277386,0.0,0.29939214787226137,0.0,0.0,0.0,0.0
274.105,0.0,117.473,0.0,758.237,1053.108,156.038,0.1224,0.0,0.8565,0.0,391.57800000000003,324.143,0.3984851038618104,0.2161807938299993,0.29999897849215224,0.5813955927777426,0.4186044072222575,32.8535,43.6898,,0.7000010215078477,0.0,0.29999897849215224,0.000312581401405818,0.0,0.0021873036789549277,0.0
274.105,0.0,117.473,0.0,772.477,1038.275,153.071,0.1557,0.0,1.1013,0.0,391.57800000000003,324.125,0.3909080694012431,0.21625159049941683,0.29999897849215224,0.5733943687484537,0.4266056312515463,33.4978,44.1911,,0.7000010215078477,0.0,0.29999897849215224,0.00039762192972945973,0.0,0.0028124664817665637,0.0
274.105,0.0,117.473,0.0,772.477,1053.108,156.038,0.1224,0.0,0.7305,0.0,391.57800000000003,324.18,0.3984851038618104,0.21449453188977782,0.29999897849215224,0.576860567982318,0.423139432017682,32.1484,43.0279,,0.7000010215078477,0.0,0.29999897849215224,0.000312581401405818,0.0,0.0018655287069195268,0.0
274.105,0.0,117.473,0.0,772.477,1053.108,161.378,0.1224,0.0,0.7305,0.0,391.57800000000003,324.18,0.4121222336290598,0.21449453188977782,0.29999897849215224,0.576860567982318,0.423139432017682,29.4176,38.22,,0.7000010215078477,0.0,0.29999897849215224,0.000312581401405818,0.0,0.0018655287069195268,0.0
274.105,117.473,0.0,0.0,622.965,1127.27,164.344,0.4079,0.0,2.9664,0.0,391.57800000000003,331.584,0.4196967143200077,0.22372881355932203,0.29999897849215224,0.6440677966101694,0.3559322033898305,26.9216,41.5643,,0.7000010215078477,0.29999897849215224,0.0,0.0010416826277241272,0.0,0.007575502198776296,0.0
274.105,117.473,0.0,0.0,622.965,1127.27,171.464,0.0,1.9578,0.0,4.8946,391.57800000000003,331.584,0.43787955400967365,0.22372881355932203,0.29999897849215224,0.6440677966101694,0.3559322033898305,24.6077,38.8301,50.5903,0.7000010215078477,0.29999897849215224,0.0,0.0,0.004999770160721491,0.0,0.01249968077876566
274.105,117.473,0.0,0.0,622.965,1127.27,171.464,0.1854,0.0,1.9578,0.0,391.57800000000003,331.584,0.43787955400967365,0.22372881355932203,0.29999897849215224,0.6440677966101694,0.3559322033898305,27.2659,44.787,,0.7000010215078477,0.29999897849215224,0.0,0.0004734688874235185,0.0,0.004999770160721491,0.0
274.105,117.473,0.0,0.0,635.424,1067.94,161.378,0.2336,0.0,0.7305,0.0,391.57800000000003,331.397,0.4121222336290598,0.22988509795909742,0.29999897849215224,0.6269593580702657,0.3730406419297343,26.597,35.2064,,0.7000010215078477,0.29999897849215224,0.0,0.000596560583075156,0.0,0.0018655287069195268,0.0
275.291,67.043,0.0,0.0,791.462,1014.543,153.071,0.2596,0.0,0.2076,0.0,342.334,316.307,0.4471393434482114,0.18955318506870136,0.19584090391255327,0.5617609032090165,0.4382390967909834,23.1158,32.3042,,0.8041590960874467,0.19584090391255327,0.0,0.0007583237423079264,0.0,0.0006064253039411615,0.0
275.291,68.823,0.0,0.0,780.783,1014.543,153.071,0.2707,0.0,0.4153,0.0,344.114,316.863,0.4448264238014147,0.1916721531354194,0.20000058120274095,0.5651023825199435,0.43489761748005656,20.1413,32.1468,,0.7999994187972591,0.20000058120274095,0.0,0.000786657909876417,0.0,0.0012068674915835832,0.0
275.291,68.823,0.0,0.0,780.783,1014.543,153.071,0.2966,0.0,0.0,0.0,344.114,316.863,0.4448264238014147,0.1916721531354194,0.20000058120274095,0.5651023825199435,0.43489761748005656,20.3272,29.3012,30.3163,0.7999994187972591,0.20000058120274095,0.0,0.0008619236648294986,0.0,0.0,0.0
275.291,68.823,0.0,0.0,827.06,967.079,153.071,0.2596,0.0,0.8603,0.0,344.114,316.807,0.4448264238014147,0.19179896317955297,0.20000058120274095,0.5390212241080541,0.4609787758919459,22.3792,30.9173,,0.7999994187972591,0.20000058120274095,0.0,0.0007544011577536678,0.0,0.0025000435901983064,0.0
275.884,0.0,91.962,0.0,792.056,1127.27,133.492,0.0927,0.0,3.226,0.0,367.846,319.635,0.36290186654197676,0.19165373678051567,0.2500013592644748,0.5873259675531931,0.41267403244680684,32.6846,42.6527,,0.7499986407355252,0.0,0.2500013592644748,0.0002520076336286054,0.0,0.008769974391433453,0.0
275.884,117.473,0.0,0.0,924.955,755.271,137.646,0.0742,0.7787,0.927,14.2387,393.357,332.857,0.3499264027333948,0.23410957811627722,0.29864220034218275,0.4495056022225581,0.5504943977774418,38.9231,49.5954,57.5633,0.7013577996578172,0.29864220034218275,0.0,0.0001886327178614118,0.001979626649577916,0.002356637863309013,0.03619790673602809
277.664,0.0,185.11,0.0,596.86,1069.72,155.445,0.3634,0.8528,2.0394,14.2387,462.774,345.371,0.3358983002502301,0.2776788392996436,0.40000086435279425,0.641865376999604,0.35813462300039606,38.3932,46.1472,,0.5999991356472058,0.0,0.40000086435279425,0.0007852645135621594,0.0018428001573082265,0.0044069027214052505,0.030768150328171488
278.851,0.0,48.651,0.0,866.218,1023.443,155.445,0.1038,0.8158,0.0,0.0,327.502,311.119,0.4746383228194026,0.17331256770394265,0.1485517645693767,0.5416013771782346,0.45839862282176536,24.3121,29.648,,0.8514482354306233,0.0,0.1485517645693767,0.0003169446293448072,0.002490977154330383,0.0,0.0
278.851,112.727,0.0,0.0,593.3,1216.265,139.426,0.927,0.0,2.299,14.2387,391.578,335.253,0.35606188294541574,0.2163934426229508,0.2878787878787879,0.6721311475409837,0.32786885245901637,23.1754,33.0459,,0.7121212121212122,0.2878787878787879,0.0,0.002367344437117593,0.0,0.005871116354836403,0.036362359478733834
280.631,110.947,0.0,0.0,682.295,1053.108,143.579,0.1854,4.0417,0.7416,0.0,391.578,336.162,0.36666768817451445,0.22564096062989406,0.2833330779563714,0.6068377201145786,0.39316227988542146,39.4955,53.1356,57.7091,0.7166669220436286,0.2833330779563714,0.0,0.00047346888742351857,0.010321570670440317,0.0018938755496940743,0.0
280.631,110.947,0.0,0.0,682.295,1097.605,138.239,0.1854,4.0417,0.7416,0.0,391.578,336.327,0.353030558407265,0.21999999999999997,0.2833330779563714,0.6166666666666667,0.3833333333333333,36.9189,49.6092,54.5569,0.7166669220436286,0.2833330779563714,0.0,0.00047346888742351857,0.010321570670440317,0.0018938755496940743,0.0
280.631,110.947,0.0,0.0,682.295,1097.605,138.832,0.1854,0.7416,4.0417,0.0,391.578,336.327,0.3545449437915307,0.21999999999999997,0.2833330779563714,0.6166666666666667,0.3833333333333333,36.4858,49.7468,55.4579,0.7166669220436286,0.2833330779563714,0.0,0.00047346888742351857,0.0018938755496940743,0.010321570670440317,0.0
280.631,122.813,0.0,0.0,652.63,1097.605,138.239,0.1854,4.0417,0.7416,0.0,403.44399999999996,340.142,0.3426473066894043,0.23050847457627116,0.30441151684000756,0.6271186440677966,0.37288135593220334,32.7501,46.3913,54.9631,0.6955884831599924,0.30441151684000756,0.0,0.00045954333191109667,0.010017995062486943,0.0018381733276443867,0.0
280.631,122.813,0.0,0.0,652.63,1097.605,138.832,0.1854,0.0,0.7416,0.0,403.44399999999996,340.142,0.34411715132707393,0.23050847457627116,0.30441151684000756,0.6271186440677966,0.37288135593220334,27.2502,36.5736,42.0134,0.6955884831599924,0.30441151684000756,0.0,0.00045954333191109667,0.0,0.0018381733276443867,0.0
280.631,122.813,0.0,0.0,652.63,1097.605,138.832,0.1854,0.7416,4.0417,0.0,403.44399999999996,340.142,0.34411715132707393,0.23050847457627116,0.30441151684000756,0.6271186440677966,0.37288135593220334,28.4414,39.6267,45.853,0.6955884831599924,0.30441151684000756,0.0,0.00045954333191109667,0.0018381733276443867,0.010017995062486943,0.0
281.818,74.163,0.0,0.0,676.362,1127.27,165.531,0.2781,0.0,0.0,0.0,355.981,325.6,0.46499953649211617,0.1973689754894568,0.20833415266545124,0.625,0.37499999999999994,26.6138,33.2672,,0.7916658473345487,0.20833415266545124,0.0,0.0007812214696829853,0.0,0.0,0.0
282.411,121.033,0.0,0.0,700.094,1038.275,138.239,0.3263,0.5043,1.0086,14.2387,403.444,341.327,0.34264730668940424,0.23208191126279862,0.29999950426825034,0.5972696245733788,0.40273037542662116,24.0397,41.3554,,0.7000004957317496,0.29999950426825034,0.0,0.0008087863495285372,0.0012499876067031607,0.0024999752134063215,0.035292878317597254
282.411,121.033,0.0,0.0,700.094,1038.275,150.698,0.2966,0.0,1.2607,0.0,403.444,341.327,0.37352891603295624,0.23208191126279862,0.29999950426825034,0.5972696245733788,0.40273037542662116,26.292,36.0519,,0.7000004957317496,0.29999950426825034,0.0,0.0007351701847078276,0.0,0.0031248450838204933,0.0
282.411,121.033,0.0,0.0,700.094,1038.275,150.698,0.3263,0.0,1.0086,0.0,403.444,341.327,0.37352891603295624,0.23208191126279862,0.29999950426825034,0.5972696245733788,0.40273037542662116,26.7005,37.2545,,0.7000004957317496,0.29999950426825034,0.0,0.0008087863495285372,0.0,0.0024999752134063215,0.0
282.411,121.033,0.0,0.0,700.094,1038.275,150.698,1.0382,0.0,0.5043,0.0,403.444,341.327,0.37352891603295624,0.23208191126279862,0.29999950426825034,0.5972696245733788,0.40273037542662116,23.741,31.8308,,0.7000004957317496,0.29999950426825034,0.0,0.002573343512352214,0.0,0.0012499876067031607,0.0
282.411,121.033,0.0,0.0,700.094,1038.275,150.698,1.0382,0.0,1.2607,0.0,403.444,341.327,0.37352891603295624,0.23208191126279862,0.29999950426825034,0.5972696245733788,0.40273037542662116,27.4927,38.6519,37.3696,0.7000004957317496,0.29999950426825034,0.0,0.002573343512352214,0.0,0.0031248450838204933,0.0
282.411,121.033,0.0,0.0,700.094,1038.275,167.904,0.5043,0.0,1.2607,0.0,403.444,341.327,0.4161767184541101,0.23208191126279862,0.29999950426825034,0.5972696245733788,0.40273037542662116,28.7225,40.1121,47.1299,0.7000004957317496,0.29999950426825034,0.0,0.0012499876067031607,0.0,0.0031248450838204933,0.0
282.411,122.22,0.0,0.0,685.855,1038.275,155.445,0.178,0.0,1.0086,0.0,404.631,341.68,0.38416483166143967,0.23468705956047395,0.3020529816054628,0.6022022701304426,0.39779772986955736,31.1816,39.5529,,0.6979470183945373,0.3020529816054628,0.0,0.0004399069769729954,0.0,0.002492641443679568,0.0
282.411,122.22,0.0,0.0,685.855,1038.275,156.038,0.2521,0.0,0.5043,0.0,404.631,341.68,0.3856303644555163,0.23468705956047395,0.3020529816054628,0.6022022701304426,0.39779772986955736,28.1536,37.5152,,0.6979470183945373,0.3020529816054628,0.0,0.0006230367915443379,0.0,0.001246320721839784,0.0
284.784,0.0,189.856,0.0,747.558,860.285,163.158,0.3708,0.0,1.1866,0.0,474.64,353.702,0.343751053429968,0.2952029520295203,0.4,0.5350553505535056,0.4649446494464945,37.2547,53.8711,,0.6,0.0,0.4,0.0007812236642491548,0.0,0.002499999999994733,0.0
284.784,71.196,0.0,11.866,711.96,1097.605,134.086,0.1112,0.3708,1.2978,0.0,355.98,327.789,0.37666722849598294,0.19672131147540983,0.19999999999999998,0.6065573770491803,0.39344262295081966,36.0686,55.6937,63.156,0.7999999999999999,0.19999999999999998,0.0,0.00031237709983619196,0.0010416315523314747,0.0036457104331601617,0.0
284.784,71.196,0.0,11.866,818.754,965.892,143.579,0.1112,0.3708,1.2978,0.0,355.98,327.58,0.40333445699196585,0.1994681298139799,0.19999999999999998,0.5412233014278461,0.45877669857215375,34.3129,41.1904,,0.7999999999999999,0.19999999999999998,0.0,0.00031237709983619196,0.0010416315523314747,0.0036457104331601617,0.0
284.784,85.435,0.0,0.0,958.18,781.969,141.205,0.0,1.1124,0.8158,0.0,370.219,331.861,0.3814093820144293,0.21275132186956405,0.2307688152147783,0.4493689908163037,0.5506310091836963,46.8016,63.3136,68.2952,0.7692311847852217,0.2307688152147783,0.0,0.0,0.003004708024161362,0.0022035605952093126,0.0
285.971,84.249,0.0,0.0,700.094,1162.868,143.579,0.0816,0.0,0.8343,0.0,370.22,333.454,0.387820755226622,0.19872654407336277,0.22756469126465342,0.6242038216560509,0.37579617834394907,36.0251,48.1024,,0.7724353087353465,0.22756469126465342,0.0,0.00022040948625082272,0.0,0.0022535249311159485,0.0
285.971,86.029,0.0,0.0,956.4,780.783,156.631,0.0371,0.7787,0.7416,0.0,372.0,333.291,0.4210510752688172,0.21413978838153494,0.23126075268817203,0.44945351180618276,0.5505464881938172,34.8899,49.732,54.7332,0.768739247311828,0.23126075268817203,0.0,9.973118279543084e-05,0.002093279569886846,0.0019935483870914153,0.0
285.971,86.029,0.0,0.0,956.4,780.783,158.411,0.0185,0.0,1.1124,0.0,372.0,333.291,0.42583602150537636,0.21413978838153494,0.23126075268817203,0.44945351180618276,0.5505464881938172,31.9572,46.2868,52.1474,0.768739247311828,0.23126075268817203,0.0,4.973118279556524e-05,0.0,0.002990322580637123,0.0
285.971,86.029,0.0,0.0,990.811,889.95,158.411,0.0,0.4635,0.8528,0.0,372.0,333.784,0.42583602150537636,0.19779227663695706,0.23126075268817203,0.4731861198738171,0.526813880126183,36.186,51.6102,53.9834,0.768739247311828,0.23126075268817203,0.0,0.0,0.0012459677419321346,0.0022924731182734073,0.0
285.971,122.22,0.0,0.0,601.013,1109.471,148.325,0.0742,0.0,0.1854,18.985,408.19100000000003,345.453,0.3633715589025725,0.2386406420638837,0.29941865450242655,0.6486298614894965,0.35137013851050347,28.4064,40.1858,,0.7005813454975734,0.29941865450242655,0.0,0.0001817776482083589,0.0,0.0004541991371675167,0.04651008963929506
285.971,122.22,0.0,0.0,605.166,1109.471,148.325,0.4598,0.0,0.7638,0.0,408.19100000000003,345.464,0.3633715589025725,0.23806263366531807,0.29941865450242655,0.6470588235294117,0.35294117647058826,30.9951,39.6596,,0.7005813454975734,0.29941865450242655,0.0,0.0011264334588437118,0.0,0.001871182853120546,0.0
285.971,122.22,0.0,0.0,605.166,1109.471,155.445,0.152,0.0,1.5314,0.0,408.19100000000003,345.464,0.38081437366330956,0.23806263366531807,0.29941865450242655,0.6470588235294117,0.35294117647058826,33.6358,42.133,,0.7005813454975734,0.29941865450242655,0.0,0.0003723746971384171,0.0,0.0037516750736695526,0.0
285.971,122.22,0.0,0.0,655.597,1050.141,151.292,0.33,0.0,1.2756,18.985,408.19100000000003,345.376,0.3706402149973909,0.23930462943312514,0.29941865450242655,0.6156519934479973,0.3843480065520027,43.5899,51.4277,,0.7005813454975734,0.29941865450242655,0.0,0.000808445066155774,0.0,0.0031250076557221376,0.04651008963929506
285.971,122.22,0.0,0.0,655.597,1109.471,151.292,0.0556,0.1854,0.0,0.0,408.19100000000003,345.595,0.3706402149973909,0.23126077862156022,0.29941865450242655,0.6285712505127281,0.3714287494872719,34.4096,43.0988,49.6799,0.7005813454975734,0.29941865450242655,0.0,0.0001362107444795789,0.0004541991371675167,0.0,0.0
285.971,122.22,0.0,0.0,678.142,1109.471,138.832,0.3337,0.0,2.0394,14.2387,408.19100000000003,345.654,0.3401152891661011,0.228344166214947,0.29941865450242655,0.620643841815874,0.379356158184126,37.6454,41.2244,,0.7005813454975734,0.29941865450242655,0.0,0.0008175094502308539,0.0,0.0049961905088426834,0.0348824447377946
286.564,122.813,0.0,0.0,581.434,1186.6,132.899,0.2039,0.7787,2.8922,18.985,409.377,346.504,0.32463719261218876,0.23154362416107385,0.2999997557263842,0.6711409395973155,0.3288590604026846,37.473,48.022,,0.7000002442736158,0.2999997557263842,0.0,0.0004980739025384961,0.0019021586459378465,0.007064881515065417,0.046375345952395036
286.564,122.813,0.0,0.0,581.434,1186.6,147.138,0.5191,0.0,2.0023,18.985,409.377,346.504,0.3594193127606094,0.23154362416107385,0.2999997557263842,0.6711409395973155,0.3288590604026846,32.4973,53.5319,62.3114,0.7000002442736158,0.2999997557263842,0.0,0.0012680243394199771,0.0,0.004891090608400347,0.046375345952395036
287.157,0.0,71.789,0.0,584.401,1211.519,157.818,0.0,0.0,0.0,0.0,358.94599999999997,325.895,0.43967059111955564,0.19986747739320235,0.19999944281312512,0.674595193549824,0.32540480645017594,26.6837,37.2137,43.1306,0.8000005571868749,0.0,0.19999944281312512,0.0,0.0,0.0,0.0
287.751,0.0,71.789,0.0,580.247,1153.375,165.531,0.0,0.0,0.0,0.0,359.53999999999996,326.291,0.4603966179006509,0.20739238426831225,0.1996690215275074,0.6652978561647234,0.3347021438352767,24.7487,36.3517,,0.8003309784724927,0.0,0.1996690215275074,0.0,0.0,0.0,0.0
287.751,0.0,94.928,0.0,703.06,1067.94,158.411,0.445,0.7416,0.0,0.0,382.679,332.403,0.4139526861939119,0.2160807453416149,0.24806169139147954,0.6030152456239413,0.3969847543760587,29.2596,42.0451,,0.7519383086085204,0.0,0.24806169139147954,0.0011628545072994265,0.0019379166350859654,0.0,0.0
287.751,0.0,94.928,0.0,777.223,1038.275,157.224,0.4079,0.0,2.2248,0.0,382.679,332.486,0.4108508697890399,0.21078458913201775,0.24806169139147954,0.5718954248366014,0.42810457516339867,24.3816,34.8053,,0.7519383086085204,0.0,0.24806169139147954,0.0010659064124212045,0.0,0.005813749905257896,0.0
287.751,0.0,94.928,0.0,777.223,1038.275,158.411,0.4079,0.0,2.2248,0.0,382.679,332.486,0.4139526861939119,0.21078458913201775,0.24806169139147954,0.5718954248366014,0.42810457516339867,26.338,35.6459,,0.7519383086085204,0.0,0.24806169139147954,0.0010659064124212045,0.0,0.005813749905257896,0.0
289.53,72.383,0.0,0.0,764.764,1014.543,153.071,0.2929,0.0,0.4524,0.0,361.91299999999995,332.911,0.422949714434132,0.20340109941679538,0.2000011052379992,0.570189967217574,0.42981003278242597,27.0229,35.8631,,0.7999988947620008,0.2000011052379992,0.0,0.0008093105249029207,0.0,0.0012500241770777786,0.0
289.53,72.383,0.0,0.0,765.357,1014.543,153.071,0.2781,0.0,0.3708,0.0,361.91299999999995,332.913,0.422949714434132,0.2033333333333333,0.2000011052379992,0.57,0.42999999999999994,25.5585,34.4416,,0.7999988947620008,0.2000011052379992,0.0,0.0007684167189330906,0.0,0.001024555625244121,0.0
290.124,0.0,72.383,0.0,809.854,881.05,182.736,0.1817,0.0,0.9048,0.0,362.507,328.525,0.5040895762012871,0.21438650567980205,0.19967338561738115,0.5210526440294658,0.4789473559705341,32.2675,41.7784,,0.8003266143826189,0.0,0.19967338561738115,0.0005012317003519898,0.0,0.0024959518023031394,0.0
290.124,52.804,0.0,0.0,794.429,1038.275,159.004,0.2188,1.0939,0.0,0.0,342.928,327.277,0.4636658423925722,0.1871158681380081,0.15397984416553914,0.5665262912068725,0.43347370879312747,20.9371,28.7741,,0.846020155834461,0.15397984416553914,0.0,0.0006380348061382038,0.0031898824242896765,0.0,0.0
290.124,72.383,0.0,0.0,605.166,1296.954,139.426,0.0,0.0,0.9048,0.0,362.507,334.164,0.3846160212078663,0.19058051016760247,0.19967338561738115,0.6818465711942464,0.31815342880575365,27.3894,32.345,,0.8003266143826189,0.19967338561738115,0.0,0.0,0.0,0.0024959518023031394,0.0
290.124,72.383,0.0,0.0,711.96,1067.94,158.411,0.1632,0.4524,0.0,0.0,362.507,333.594,0.4369874236911287,0.20366705994718803,0.19967338561738115,0.6,0.4,20.9084,29.6906,,0.8003266143826189,0.19967338561738115,0.0,0.00045019820306794025,0.0012479759011515697,0.0,0.0
290.124,72.383,0.0,0.0,711.96,1067.94,158.411,0.1928,0.4524,0.0,0.0,362.507,333.594,0.4369874236911287,0.20366705994718803,0.19967338561738115,0.6,0.4,21.8974,30.7228,,0.8003266143826189,0.19967338561738115,0.0,0.0005318517987224195,0.0012479759011515697,0.0,0.0
290.124,72.383,0.0,0.0,789.089,860.285,182.736,0.1149,0.0,0.9048,0.0,362.507,333.026,0.5040895762012871,0.21978459706531084,0.19967338561738115,0.5215827338129496,0.4784172661870504,31.528,38.8256,,0.8003266143826189,0.19967338561738115,0.0,0.0003169593966452594,0.0,0.0024959518023031394,0.0
290.124,72.383,0.0,0.0,789.089,881.05,182.736,0.2929,0.0,0.9048,0.0,362.507,333.103,0.5040895762012871,0.2170519938759588,0.19967338561738115,0.5275309420353634,0.47246905796463645,32.2701,39.5811,,0.8003266143826189,0.19967338561738115,0.0,0.0008079843975404392,0.0,0.0024959518023031394,0.0
290.124,72.383,0.0,0.0,842.486,1097.605,152.478,0.0,0.6786,0.0,0.0,362.507,334.043,0.42062084318371784,0.18685051371301656,0.19967338561738115,0.5657492354740061,0.4342507645259939,26.5563,38.7706,43.24,0.8003266143826189,0.19967338561738115,0.0,0.0,0.0018719638517273544,0.0,0.0
290.717,0.0,118.66,0.0,670.429,1067.94,176.803,0.2225,0.0,2.781,0.0,409.37699999999995,341.692,0.4318830808765515,0.23549488054607504,0.2898550724637681,0.6143344709897611,0.38566552901023887,29.1717,42.8308,46.4611,0.7101449275362319,0.0,0.2898550724637681,0.000543508795070208,0.0,0.006793249254338195,0.0
290.717,0.0,124.593,0.0,704.84,1115.404,139.426,0.7416,0.0,3.1147,0.0,415.31,343.524,0.3357154896342491,0.22816171897833476,0.3,0.6127771881132419,0.387222811886758,37.8867,46.7809,,0.7,0.0,0.3,0.0017856540897118163,0.0,0.0074996990199910915,0.0
290.717,0.0,124.593,0.0,765.357,1038.275,154.258,0.2596,0.0,3.708,0.0,415.31,343.396,0.37142857142857144,0.23026315789473684,0.3,0.5756578947368421,0.42434210526315785,34.2066,46.9652,,0.7,0.0,0.3,0.0006250752449962075,0.0,0.00892827044855908,0.0
290.717,0.0,124.593,0.0,774.257,1008.61,158.411,0.2225,0.0,3.3743,0.0,415.31,343.309,0.38142833064457876,0.23294502618535204,0.3,0.5657236350215692,0.4342763649784308,31.6682,43.9671,44.5608,0.7,0.0,0.3,0.0005357443837120808,0.0,0.008124774264987299,0.0
290.717,0.0,124.593,29.665,593.3,1097.605,156.631,0.3337,0.8528,5.0058,18.985,415.31,343.346,0.3771423755748718,0.2456140350877193,0.3,0.6491228070175439,0.3508771929824561,51.7285,69.5693,,0.7,0.0,0.3,0.0008034961835717814,0.0020534058895715166,0.012053165105554759,0.045712841010219565
290.717,0.0,124.593,29.665,619.998,1097.605,160.191,0.3634,0.5562,6.3778,18.985,415.31,343.415,0.38571428571428573,0.24179627073310886,0.3,0.6390330012232163,0.36096699877678373,49.403,67.5953,,0.7,0.0,0.3,0.0008750090293976186,0.0013392405672838623,0.01535672148511869,0.045712841010219565
290.717,72.383,0.0,0.0,720.86,1038.275,163.158,0.1706,0.6823,0.0,0.0,363.09999999999997,334.129,0.44934728724869183,0.20640826315206048,0.19934728724869183,0.5902190565249398,0.40978094347506017,25.7864,33.0719,,0.8006527127513082,0.19934728724869183,0.0,0.0004698430184509231,0.0018790966675795125,0.0,0.0
290.717,94.928,0.0,0.0,667.463,1082.772,139.426,0.3708,0.0,1.7798,0.0,385.645,341.549,0.36153975806765287,0.22033898305084745,0.24615384615384617,0.6186437821206866,0.38135621787931334,38.7427,50.9966,57.6523,0.7538461538461538,0.24615384615384617,0.0,0.0009615060483061846,0.0,0.004615125309534378,0.0
290.717,94.928,0.0,0.0,682.295,1079.806,139.426,0.482,0.0,2.1136,0.0,385.645,341.577,0.36153975806765287,0.21885521885521883,0.24615384615384617,0.6127946127946128,0.38720538720538716,38.3533,50.4826,60.0702,0.7538461538461538,0.24615384615384617,0.0,0.0012498541404627316,0.0,0.0054806881976805595,0.0
290.717,103.828,0.0,23.732,625.932,1145.069,134.086,0.3671,0.0,1.2978,0.0,394.54499999999996,344.734,0.3398497002876732,0.22278078894365388,0.263158828523996,0.6465659816115293,0.3534340183884707,45.8961,56.6749,,0.736841171476004,0.263158828523996,0.0,0.0009304388599502455,0.0,0.003289358628285014,0.0
290.717,103.828,0.0,23.732,625.932,1145.069,148.325,0.8528,0.0,2.0394,0.0,394.54499999999996,344.734,0.37593937320204285,0.22278078894365388,0.263158828523996,0.6465659816115293,0.3534340183884707,39.0296,55.296,,0.736841171476004,0.263158828523996,0.0,0.002161477144553444,0.0,0.005168992130162165,0.0
290.717,103.828,0.0,23.732,625.932,1145.069,159.598,0.3634,0.0,1.3089,0.0,394.54499999999996,344.734,0.4045115259349378,0.22278078894365388,0.263158828523996,0.6465659816115293,0.3534340183884707,43.8928,57.9539,64.2209,0.736841171476004,0.263158828523996,0.0,0.0009210609689619156,0.0,0.0033174923012500037,0.0
290.717,124.593,0.0,0.0,652.63,1127.27,145.359,0.2596,0.0,3.1147,14.2387,415.31,351.406,0.3500012039199634,0.2333333333333333,0.3,0.6333333333333333,0.36666666666666664,27.6135,40.6367,47.2981,0.7,0.3,0.0,0.0006250752449962075,0.0,0.0074996990199910915,0.03428451036566833
292.497,0.0,125.78,0.0,735.099,1008.61,167.311,0.2596,0.0,3.1147,0.0,418.27700000000004,345.386,0.400000478152038,0.2398777548317982,0.3007098167004162,0.578427937230352,0.4215720627696479,33.2959,43.8507,,0.6992901832995837,0.0,0.3007098167004162,0.0006206413453270903,0.0,0.007446500763830077,0.0
293.09,94.928,0.0,0.0,812.821,964.113,93.741,0.1149,0.0,1.4461,0.0,388.018,343.975,0.24158930771252882,0.21836376590239137,0.24464844414434384,0.5425710802989869,0.45742891970101307,35.6096,51.633,59.604,0.7553515558556562,0.24464844414434384,0.0,0.00029612028307888784,0.0,0.0037268889587500405,0.0
293.09,97.895,0.0,0.0,854.352,943.347,170.87,0.0,0.0,1.372,0.0,390.98499999999996,344.98,0.43702443827768334,0.2174919160549124,0.25038044937785336,0.5247524752475248,0.4752475247524752,30.2619,43.1784,49.0367,0.7496195506221467,0.25038044937785336,0.0,0.0,0.0,0.003509086026309171,0.0
293.684,0.0,94.928,0.0,800.955,949.28,155.445,0.2447,0.0,2.9293,0.0,388.612,338.437,0.4000005146521466,0.22203418398100827,0.24427449486891809,0.5423728813559322,0.4576271186440678,33.2327,40.4033,,0.7557255051310819,0.0,0.24427449486891809,0.0006296769013807354,0.0,0.0075378526653640705,0.0
293.684,97.895,0.0,0.0,777.223,978.945,163.158,0.1594,1.9652,1.4461,0.0,391.579,345.533,0.4166668794802581,0.22297354239457728,0.2500006384407744,0.5574324324324325,0.4425675675675675,30.99,41.8001,50.699,0.7499993615592256,0.2500006384407744,0.0,0.0004070698377583908,0.005018655239415243,0.003692996815447986,0.0
294.277,73.569,0.0,0.0,943.347,833.587,164.937,0.2299,0.0,0.9196,0.0,367.846,338.07,0.44838600936261375,0.20701162789388913,0.1999994562942101,0.4691153413688972,0.5308846586311028,26.929,39.0473,,0.8000005437057899,0.1999994562942101,0.0,0.0006249898055147399,0.0,0.0024999592220589597,0.0
294.87,103.828,0.0,16.612,714.926,1056.074,143.579,0.6304,0.0,3.8934,0.0,398.698,348.945,0.3601196895896142,0.22512591756070016,0.26041765948161266,0.5963150762281197,0.4036849237718803,43.8231,65.4083,,0.7395823405183874,0.26041765948161266,0.0,0.001581146632284132,0.0,0.009765286005924873,0.0
296.65,0.0,88.995,0.0,560.075,1290.428,152.478,0.5933,1.4461,0.0,0.0,385.645,340.615,0.39538435607877714,0.20840009446080332,0.23076923076923078,0.6973390478156479,0.302660952184352,31.1831,42.7913,45.1469,0.7692307692307692,0.0,0.23076923076923078,0.0015384615384575495,0.003749821727226465,0.0,0.0
296.65,88.995,0.0,0.0,789.089,1171.768,90.775,0.0,0.0,1.2978,0.0,385.645,346.467,0.2353848746904537,0.1966716593815867,0.23076923076923078,0.5975795277269071,0.40242047227309286,31.7003,49.2519,53.0328,0.7692307692307692,0.23076923076923078,0.0,0.0,0.0,0.003365271169071646,0.0
296.65,88.995,0.0,0.0,812.821,978.945,154.258,0.482,4.7092,7.8239,0.0,385.645,345.815,0.4,0.2152317880794702,0.23076923076923078,0.5463576158940397,0.45364238410596025,43.1675,52.7597,54.2819,0.7692307692307692,0.23076923076923078,0.0,0.0012498541404627316,0.01221123053582385,0.02028782948042815,0.0
296.65,88.995,0.0,0.0,895.883,889.95,154.258,0.0111,0.6044,0.7231,0.0,385.645,345.702,0.4,0.21594684385382057,0.23076923076923078,0.4983388704318937,0.5016611295681063,39.4585,44.1198,52.0782,0.7692307692307692,0.23076923076923078,0.0,2.878294804800067e-05,0.00156724448650555,0.0018750405165323678,0.0
296.65,94.928,0.0,0.0,759.424,1015.73,148.325,0.482,0.0,0.0,0.0,391.578,347.758,0.3787878787878788,0.22058818558840526,0.24242424242424243,0.5721926097679413,0.4278073902320587,28.0272,36.8333,,0.7575757575757576,0.24242424242424243,0.0,0.001230916956516375,0.0,0.0,0.0
296.65,94.928,0.0,23.732,706.027,1014.543,145.359,0.6674,0.7787,5.9328,0.0,391.578,347.757,0.37121339809693094,0.22758620689655168,0.24242424242424243,0.5896551724137931,0.4103448275862069,33.5867,41.5616,,0.7575757575757576,0.24242424242424243,0.0,0.0017043858439398935,0.0019886204025711643,0.015151004397552594,0.0
296.65,127.56,0.0,0.0,792.056,860.285,169.091,0.267,0.0,2.6512,0.0,424.21,357.971,0.3986021074467835,0.2567327204251423,0.3007001249381203,0.5206461620210356,0.47935383797896447,35.1313,44.5861,,0.6992998750618797,0.3007001249381203,0.0,0.0006294052473995677,0.0,0.00624973480114507,0.0
296.65,127.56,0.0,0.0,809.854,860.285,143.579,0.0667,2.6512,0.0,0.0,424.21,358.018,0.33846208245915943,0.25399682301892235,0.3007001249381203,0.5150978451494157,0.4849021548505843,34.2571,42.2706,49.2286,0.6992998750618797,0.3007001249381203,0.0,0.0001572334456986935,0.00624973480114507,0.0,0.0
299.023,74.756,0.0,0.0,879.271,860.285,163.158,0.3337,0.7416,2.6141,0.0,373.779,343.365,0.4365092741967847,0.21487034622627843,0.2000005350755393,0.49454286036206935,0.5054571396379306,29.2108,41.8665,,0.7999994649244608,0.2000005350755393,0.0,0.0008927735373017405,0.001984060099679265,0.006993704836261551,0.0
301.99,90.775,0.0,0.0,924.955,755.271,148.325,0.0742,0.7787,0.7416,14.2387,392.765,351.459,0.3776431199317658,0.2337572445611483,0.23111784400341173,0.4495056022225581,0.5504943977774418,43.9279,58.045,64.4245,0.7688821559965884,0.23111784400341173,0.0,0.00018891703690453857,0.0019826104668135332,0.001888151948361264,0.036252466487502064
302.583,0.0,74.163,0.0,564.228,1305.26,150.698,0.1854,1.8837,0.0,0.0,376.74600000000004,342.982,0.3999989382767169,0.20152362571998325,0.19685145960408337,0.698191162500107,0.301808837499893,37.5971,47.8094,,0.8031485403959167,0.0,0.19685145960408337,0.0004921087416973448,0.004999920370740499,0.0,0.0
302.583,83.062,0.0,0.0,741.625,919.615,187.483,0.1669,0.927,0.7416,0.0,385.64500000000004,349.682,0.48615436476552265,0.23214285714285718,0.21538461538461537,0.5535714285714286,0.44642857142857145,32.8369,43.6717,52.7362,0.7846153846153846,0.21538461538461537,0.0,0.00043278144407309105,0.002403765120765461,0.001923012096612369,0.0
302.583,88.995,0.0,11.866,860.285,889.95,129.933,0.2039,0.0,1.3868,14.2387,391.57800000000003,351.898,0.3318189479490676,0.22372881355932203,0.22727272727272727,0.5084745762711864,0.4915254237288135,37.0605,51.4056,,0.7727272727272727,0.22727272727272727,0.0,0.0005207136253810972,0.0,0.003541567708084873,0.036362359478733834
305.55,86.029,0.0,11.866,717.893,1070.906,132.306,0.8158,0.0,2.4844,14.2387,391.579,354.334,0.3378781803927177,0.21890609285895174,0.2196976855245046,0.5986731879881417,0.40132681201185827,40.4636,60.3694,,0.7803023144754954,0.2196976855245046,0.0,0.0020833599350269464,0.0,0.0063445690396922595,0.036362266617882055
305.55,122.813,0.0,0.0,581.434,1180.667,138.832,0.3708,0.0,2.9664,18.985,428.363,366.379,0.32409895345769824,0.24309787009938705,0.28670309994093796,0.67003367003367,0.32996632996632996,28.3719,45.3894,58.0711,0.7132969000590621,0.28670309994093796,0.0,0.0008656209803347498,0.0,0.006924967842677998,0.044319887571885715
306.736,0.0,0.0,0.0,804.515,1067.94,138.239,0.0371,0.0853,0.0,0.0,306.736,327.502,0.45067745553179284,0.16381488473688285,0.0,0.5703421444040044,0.4296578555959956,20.6153,25.1429,,1.0,0.0,0.0,0.00012095091544480939,0.0002780893015483084,0.0,0.0
306.736,0.0,53.397,0.0,836.553,1014.543,157.224,0.1149,0.8973,0.0,0.0,360.133,341.485,0.4365720442169976,0.19455122802923241,0.14827022239006146,0.5480769230769231,0.4519230769230769,28.7546,40.9135,,0.8517297776099386,0.0,0.14827022239006146,0.00031904879586064307,0.0024915794997889904,0.0,0.0
306.736,0.0,53.397,0.0,836.553,1023.443,157.224,0.1149,0.0,2.7068,0.0,360.133,341.518,0.4365720442169976,0.19362030886087925,0.14827022239006146,0.5502393553534524,0.4497606446465476,28.1101,35.3495,,0.8517297776099386,0.0,0.14827022239006146,0.00031904879586064307,0.0,0.0075161121030077336,0.0
306.736,0.0,53.397,0.0,836.553,1023.443,157.224,0.1149,0.8973,0.0,0.0,360.133,341.518,0.4365720442169976,0.19362030886087925,0.14827022239006146,0.5502393553534524,0.4497606446465476,27.1478,35.9066,,0.8517297776099386,0.0,0.14827022239006146,0.00031904879586064307,0.0024915794997889904,0.0,0.0
306.736,0.0,53.397,0.0,845.453,1008.61,158.411,0.1149,0.0,2.7068,0.0,360.133,341.486,0.43986804874865676,0.19423989368214561,0.14827022239006146,0.5439998532951685,0.45600014670483147,27.3827,39.5759,,0.8517297776099386,0.0,0.14827022239006146,0.00031904879586064307,0.0,0.0075161121030077336,0.0
307.923,54.584,0.0,0.0,747.558,1097.605,154.851,0.2262,0.0,2.2619,0.0,362.507,346.612,0.42716692367319803,0.19646340187831643,0.1505736440951485,0.594855305466238,0.40514469453376206,25.8002,36.3875,,0.8494263559048515,0.1505736440951485,0.0,0.0006239879505757849,0.0,0.0062396036490157715,0.0
307.923,74.163,0.0,0.0,688.228,1109.471,146.545,0.3708,0.7416,0.0,0.0,382.086,352.923,0.38353930790450314,0.21254169913873233,0.19410028108855074,0.6171617161716172,0.3828382838283828,23.2308,34.0498,31.3729,0.8058997189114492,0.19410028108855074,0.0,0.0009704621472627355,0.001940924294525471,0.0,0.0
307.923,74.163,0.0,0.0,688.228,1109.471,158.411,0.3708,0.7416,0.0,0.0,382.086,352.923,0.4145951435017247,0.21254169913873233,0.19410028108855074,0.6171617161716172,0.3828382838283828,24.131,31.5721,37.0119,0.8058997189114492,0.19410028108855074,0.0,0.0009704621472627355,0.001940924294525471,0.0,0.0
307.923,92.555,0.0,0.0,936.227,787.902,143.579,0.0,1.1124,0.8158,0.0,400.478,358.411,0.35851906971169456,0.23227844320233582,0.23111132197024556,0.4569855271850309,0.5430144728149692,43.8689,59.722,64.6653,0.7688886780297545,0.23111132197024556,0.0,0.0,0.0027776806715905052,0.002037065706475669,0.0
307.923,92.555,0.0,0.0,936.227,787.902,153.071,0.0371,1.1124,0.8158,0.0,400.478,358.411,0.3822207462082811,0.23227844320233582,0.23111132197024556,0.4569855271850309,0.5430144728149692,44.4023,56.3164,58.44,0.7688886780297545,0.23111132197024556,0.0,9.26392960409994e-05,0.0027776806715905052,0.002037065706475669,0.0
311.482,0.0,103.828,0.0,703.06,1097.605,158.411,0.2855,0.0,3.1147,0.0,415.31000000000006,359.733,0.3814283306445787,0.23064256816231785,0.2500012039199634,0.6095553587146971,0.39044464128530293,32.8813,43.2951,,0.7499987960800366,0.0,0.2500012039199634,0.0006874382991002204,0.0,0.007499699019991091,0.0
311.482,59.33,0.0,0.0,593.3,1334.925,118.66,0.445,0.0,3.9305,0.0,370.812,352.375,0.3200004314854967,0.19230743300185404,0.16000021574274834,0.6923076923076923,0.3076923076923077,32.1813,44.4023,,0.8399997842572517,0.16000021574274834,0.0,0.0012000690376762348,0.0,0.01059971090468863,0.0
311.482,59.33,0.0,22.545,836.553,901.816,139.426,0.2781,0.0,2.0394,14.2387,370.812,351.54,0.37600185538763575,0.21331029257884832,0.16000021574274834,0.5187713310580204,0.48122866894197946,29.1648,47.9087,,0.8399997842572517,0.16000021574274834,0.0,0.0007499757289387885,0.0,0.005499822012217782,0.03839870338597888
311.482,88.995,0.0,0.0,860.285,987.844,152.478,0.0,0.0,2.2248,4.9687,400.47700000000003,361.515,0.3807409663975709,0.21669320702180425,0.22222249966914454,0.5345103074514821,0.465489692548518,39.531,50.6676,59.4376,0.7777775003308555,0.22222249966914454,0.0,0.0,0.0,0.005555375215042174,0.012406954706481503
311.482,103.828,0.0,0.0,652.63,1059.04,142.392,0.6304,0.5191,2.3731,0.0,415.31000000000006,366.104,0.3428571428571428,0.2426343863010978,0.2500012039199634,0.6187173929554177,0.38128260704458217,46.4373,60.3421,66.7426,0.7499987960800366,0.2500012039199634,0.0,0.0015179022898521152,0.0012499097059997352,0.005714044930279275,0.0
311.482,103.828,0.0,0.0,694.161,1023.443,157.224,0.2225,0.0,2.0394,0.0,415.31000000000006,366.08,0.3785702246514651,0.24179612995777847,0.2500012039199634,0.5958550399277133,0.40414496007228673,34.7426,47.1168,,0.7499987960800366,0.2500012039199634,0.0,0.0005357443837120807,0.0,0.004910548746707494,0.0
311.482,103.828,0.0,0.0,854.945,860.285,160.191,0.0371,0.0,0.445,0.0,415.31000000000006,365.895,0.3857142857142857,0.2421307929548807,0.2500012039199634,0.5015566425493957,0.4984433574506043,40.9687,52.5189,,0.7499987960800366,0.2500012039199634,0.0,8.933086128412671e-05,0.0,0.0010714887674241613,0.0
311.482,133.492,0.0,0.0,654.41,978.945,165.531,0.3337,0.0,1.3905,0.0,444.97400000000005,375.542,0.37200151020059596,0.2724294473644738,0.29999955053553684,0.5993461311227505,0.4006538688772496,31.2591,44.0345,,0.700000449464463,0.29999955053553684,0.0,0.000749931456667693,0.0,0.0031249016796416756,0.0
311.482,133.492,0.0,0.0,779.003,889.95,131.119,0.2521,0.5043,0.7564,0.0,444.97400000000005,375.537,0.2946666546809476,0.26661865253245604,0.29999955053553684,0.5332385034210071,0.46676149657899296,27.7859,46.1545,,0.700000449464463,0.29999955053553684,0.0,0.0005665499557264771,0.0011333246436844998,0.0016998745994109769,0.0
311.482,133.492,0.0,0.0,830.62,866.218,163.751,0.0,1.409,0.8158,0.0,444.97400000000005,375.583,0.36800127647907516,0.26223717290631166,0.29999955053553684,0.5104895104895105,0.48951048951048953,31.1908,42.2176,50.4528,0.700000449464463,0.29999955053553684,0.0,0.0,0.003166477142477613,0.0018333655449490679,0.0
311.482,148.325,0.0,0.0,587.367,1097.605,153.071,0.2596,0.0,1.372,0.0,459.807,380.672,0.3329027178794581,0.2728870272028259,0.3225809959396007,0.6514084507042254,0.3485915492957746,26.3277,35.8963,42.0396,0.6774190040603993,0.3225809959396007,0.0,0.0005645847061907179,0.0,0.002983860619775289,0.0
312.076,134.086,0.0,0.0,673.396,1050.141,153.665,0.2781,0.0,2.2248,14.2387,446.16200000000003,376.672,0.34441525723840216,0.25886418452287363,0.30053209372380435,0.609294143380734,0.39070585661926605,24.4075,42.2649,,0.6994679062761956,0.30053209372380435,0.0,0.0006233161945647022,0.0,0.0049865295565176175,0.031913744334945794
312.076,134.086,0.0,0.0,673.396,1050.141,153.665,0.2781,2.2248,0.0,14.2387,446.16200000000003,376.672,0.34441525723840216,0.25886418452287363,0.30053209372380435,0.609294143380734,0.39070585661926605,23.7869,49.6699,,0.6994679062761956,0.30053209372380435,0.0,0.0006233161945647022,0.0049865295565176175,0.0,0.031913744334945794
312.669,133.492,0.0,0.0,688.228,1067.94,150.105,0.0,2.9664,1.7798,0.0,446.16099999999994,377.203,0.3364368467884912,0.2540537124010914,0.2992014093567121,0.6081081081081081,0.39189189189189183,31.7504,42.4717,,0.700798590643288,0.2992014093567121,0.0,0.0,0.006648720977390117,0.003989142932699208,0.0
312.669,133.492,0.0,0.0,688.228,1067.94,150.105,0.0,3.3372,1.7798,0.0,446.16099999999994,377.203,0.3364368467884912,0.2540537124010914,0.2992014093567121,0.6081081081081081,0.39189189189189183,32.0566,44.6358,,0.700798590643288,0.2992014093567121,0.0,0.0,0.007479811099563882,0.003989142932699208,0.0
313.262,0.0,78.316,0.0,714.926,1038.275,153.071,0.3078,0.0,0.2447,0.0,391.578,354.674,0.3909080694012432,0.22335031750495235,0.20000102150784776,0.5922167509601011,0.40778324903989904,25.1084,36.6786,43.391,0.7999989784921523,0.0,0.20000102150784776,0.0007860502888293367,0.0,0.0006249074258497033,0.0
313.262,0.0,78.316,0.0,729.759,1053.108,156.631,0.3708,1.1124,0.0,0.0,391.578,354.768,0.39999948924607615,0.21963388183190333,0.20000102150784776,0.5906823111314529,0.40931768886854714,26.901,38.0379,39.437,0.7999989784921523,0.0,0.20000102150784776,0.0009469377748470371,0.0028408133245411116,0.0,0.0
313.262,0.0,78.316,0.0,735.099,1008.61,156.038,0.2447,0.7342,2.4473,3.9305,391.578,354.617,0.39848510386181046,0.2245661403364896,0.20000102150784776,0.578427937230352,0.4215720627696479,29.9364,43.1615,,0.7999989784921523,0.0,0.20000102150784776,0.0006249074258497033,0.0018749776545110427,0.006249840389382831,0.010037591488770979
313.262,0.0,78.316,0.0,750.525,1067.94,153.071,0.2336,0.0,0.7305,0.0,391.578,354.877,0.3909080694012432,0.21533436167316938,0.20000102150784776,0.5872755318359165,0.4127244681640834,28.3719,37.5551,,0.7999989784921523,0.0,0.20000102150784776,0.0005965605830751561,0.0,0.001865528706919527,0.0
313.262,0.0,78.316,0.0,750.525,1067.94,153.071,0.2336,0.0,0.7305,4.7462,391.578,354.877,0.3909080694012432,0.21533436167316938,0.20000102150784776,0.5872755318359165,0.4127244681640834,30.2952,40.0317,,0.7999989784921523,0.0,0.20000102150784776,0.0005965605830751561,0.0,0.001865528706919527,0.012120701367257302
313.262,0.0,78.316,0.0,750.525,1067.94,161.378,0.2336,0.0,0.7305,0.0,391.578,354.877,0.41212223362905986,0.21533436167316938,0.20000102150784776,0.5872755318359165,0.4127244681640834,29.3073,38.6342,,0.7999989784921523,0.0,0.20000102150784776,0.0005965605830751561,0.0,0.001865528706919527,0.0
313.262,0.0,78.316,0.0,753.491,1067.94,161.378,0.2336,0.0,0.7305,0.0,391.578,354.884,0.41212223362905986,0.21498371335504884,0.20000102150784776,0.5863192182410424,0.4136807817589576,30.1905,37.8942,,0.7999989784921523,0.0,0.20000102150784776,0.0005965605830751561,0.0,0.001865528706919527,0.0
313.262,78.316,0.0,0.0,708.4,1038.275,155.445,0.3078,0.0,0.4895,0.0,391.578,359.67,0.3969707184775447,0.22418480827858642,0.20000102150784776,0.5944294158901914,0.40557058410980856,26.2087,34.1664,,0.7999989784921523,0.20000102150784776,0.0,0.0007860502888293367,0.0,0.0012500702286613395,0.0
313.262,78.316,0.0,0.0,711.96,1038.275,148.325,0.2966,0.0,0.4895,0.0,391.578,359.679,0.3787878787878788,0.223728813559322,0.20000102150784776,0.5932203389830508,0.4067796610169491,27.1654,35.5999,,0.7999989784921523,0.20000102150784776,0.0,0.0007574480690928565,0.0,0.0012500702286613395,0.0
313.262,78.316,0.0,0.0,714.926,1038.275,153.071,0.3078,0.0,0.2447,0.0,391.578,359.687,0.3909080694012432,0.22335031750495235,0.20000102150784776,0.5922167509601011,0.40778324903989904,23.1073,35.5632,,0.7999989784921523,0.20000102150784776,0.0,0.0007860502888293367,0.0,0.0006249074258497033,0.0
314.449,0.0,80.096,23.732,762.391,1047.175,143.579,0.2966,1.0382,3.1518,0.0,394.545,356.687,0.3639103270856303,0.21803294270559906,0.20300852881166914,0.5786884811054143,0.4213115188945858,71.74,78.991,81.5076,0.7969914711883309,0.0,0.20300852881166914,0.0007517520181455809,0.0026313855200227314,0.00798844238297789,0.0
314.449,54.584,0.0,0.0,747.558,1008.61,158.411,0.2299,0.6674,0.0,0.0,369.033,353.122,0.4292597139009248,0.21013536290377685,0.1479108914378931,0.5743243243243243,0.42567567567567566,23.0818,34.7975,37.7459,0.852089108562107,0.1479108914378931,0.0,0.0006229795167352974,0.001808510350017997,0.0,0.0
314.449,54.584,0.0,0.0,747.558,1038.275,157.818,0.1187,0.6674,0.0,0.0,369.033,353.231,0.4276528115371796,0.2066447422575347,0.1479108914378931,0.5813953488372093,0.41860465116279066,24.5971,31.9503,,0.852089108562107,0.1479108914378931,0.0,0.0003216514512243576,0.001808510350017997,0.0,0.0
314.449,56.364,0.0,0.0,584.401,1305.26,133.492,0.1743,0.0,2.3175,0.0,370.813,354.379,0.3599981661915844,0.19623255176457574,0.15200114343348264,0.6907376508273176,0.30926234917268225,37.9901,45.5326,,0.8479988565665174,0.15200114343348264,0.0,0.00047004824534072423,0.0,0.006249780886845257,0.0
318.009,106.201,0.0,0.0,765.357,860.285,169.091,0.267,1.5944,4.7833,0.0,424.21000000000004,373.28,0.3986021074467834,0.26094921268028265,0.2503500624690601,0.5291970802919709,0.47080291970802923,38.9209,51.5546,,0.7496499375309398,0.2503500624690601,0.0,0.0006294052473995676,0.0037585158294152457,0.011275783220548133,0.0
321.569,70.009,0.0,0.0,741.625,1038.275,155.445,0.1854,1.6686,0.0,0.0,391.57800000000003,365.737,0.39697071847754467,0.22,0.17878685728003105,0.5833333333333334,0.41666666666666663,29.2581,38.1242,45.2891,0.8212131427199689,0.17878685728003105,0.0,0.0004734688874235185,0.004261219986811666,0.0,0.0
322.755,35.598,106.794,0.0,870.371,754.084,135.866,0.1483,1.4832,0.0,0.0,465.147,383.17,0.29209260728328895,0.28634034183772406,0.30612258060355113,0.4642073803214001,0.5357926196785999,40.9779,59.5018,62.7883,0.6938774193964489,0.07653064515088778,0.22959193545266335,0.0003188239416779667,0.003188669388380042,0.0,0.0
322.755,80.689,0.0,0.0,739.845,929.108,158.411,0.1928,0.0,0.0,0.0,403.44399999999996,370.075,0.39264681095765464,0.24173478821752317,0.20000049573174963,0.5567011174071409,0.44329888259285916,28.1996,31.5167,,0.7999995042682504,0.20000049573174963,0.0,0.0004778854066475698,0.0,0.0,0.0
323.348,0.0,106.794,0.0,652.63,1067.94,172.65,0.445,0.8899,0.0,0.0,430.142,372.711,0.40137907946678075,0.2499997093986295,0.2482761506665241,0.6206896551724138,0.3793103448275862,29.3372,40.7825,,0.7517238493334759,0.0,0.2482761506665241,0.0010345420814497665,0.002068851681532915,0.0,0.0
323.348,0.0,106.794,0.0,652.63,1067.94,173.244,0.445,0.8899,0.0,0.0,430.142,372.711,0.4027600187844944,0.2499997093986295,0.2482761506665241,0.6206896551724138,0.3793103448275862,32.5088,39.7814,,0.7517238493334759,0.0,0.2482761506665241,0.0010345420814497665,0.002068851681532915,0.0,0.0
325.128,97.301,0.0,0.0,878.084,978.945,153.071,0.0,1.0827,2.1655,0.0,422.429,378.554,0.362359118337046,0.22747571524192675,0.23033693236023098,0.5271565495207668,0.4728434504792332,51.9621,55.9127,68.5129,0.7696630676397691,0.23033693236023098,0.0,0.0,0.002563034261372768,0.005126305248917272,0.0
325.128,97.301,0.0,0.0,936.227,787.902,143.579,0.0742,0.8158,0.927,14.2387,422.429,377.998,0.33988907011592484,0.2450100891522618,0.23033693236023098,0.4569855271850309,0.5430144728149692,47.987,60.7282,65.8193,0.7696630676397691,0.23033693236023098,0.0,0.00017565081942722766,0.0019312121090125651,0.002194451611981672,0.03370672941480413
325.722,0.0,148.325,0.0,599.233,1097.605,170.87,0.3152,2.3731,0.0,0.0,474.04699999999997,386.134,0.36044949129516696,0.27937080617006455,0.31289091587964907,0.6468531468531469,0.3531468531468531,32.4591,42.7899,45.1137,0.687109084120351,0.0,0.31289091587964907,0.0006649129727629013,0.005006043704516628,0.0,0.0
326.315,0.0,0.0,0.0,706.027,1354.504,130.526,0.0742,0.0,1.1124,0.0,326.315,348.825,0.4,0.1583645186604812,0.0,0.6573567687164134,0.34264323128358665,37.1628,43.5976,39.3691,1.0,0.0,0.0,0.00022738764690490053,0.0,0.0034089759894475923,0.0
326.315,0.0,0.0,0.0,906.562,995.557,118.66,0.0,0.927,0.0,0.0,326.315,348.019,0.36363636363636365,0.17155340964471727,0.0,0.5233936467697341,0.4766063532302658,44.0748,53.0207,,1.0,0.0,0.0,0.0,0.0028408133245396605,0.0,0.0
326.315,0.0,77.129,0.0,533.97,1290.428,152.478,0.2447,1.4832,0.0,0.0,403.444,368.503,0.3779409286047134,0.22113815077631085,0.1911764705882353,0.7073171533842945,0.29268284661570554,24.7982,33.8877,,0.8088235294117647,0.0,0.1911764705882353,0.0006065277956776987,0.003676346655288773,0.0,0.0
326.315,59.33,0.0,29.665,563.635,1186.6,143.579,0.445,0.0,4.0788,18.985,385.645,367.472,0.37230872953104543,0.22033898305084745,0.15384615384615385,0.6779661016949152,0.3220338983050848,31.3975,44.6069,,0.8461538461538461,0.15384615384615385,0.0,0.0011539109803027296,0.0,0.01057656653136803,0.049229213395611954
326.315,77.129,0.0,0.0,640.764,1192.533,145.359,0.2225,1.1198,0.0,0.0,403.444,373.355,0.36029535697643295,0.22006472491909385,0.1911764705882353,0.6504854368932038,0.34951456310679613,25.8209,30.1244,30.1301,0.8088235294117647,0.1911764705882353,0.0,0.0005515015714682794,0.0027756020662030524,0.0,0.0
327.502,0.0,0.0,0.0,783.156,1038.275,157.224,0.1854,0.0,2.0468,0.0,327.502,349.1,0.48007035071541543,0.17980477986813664,0.0,0.5700325732899023,0.4299674267100977,22.362,30.9,,1.0,0.0,0.0,0.000566103413107199,0.0,0.006249732826039995,0.0
331.061,59.33,0.0,0.0,560.668,1216.265,156.038,0.0,0.0,0.0,0.0,390.39099999999996,372.37,0.3996967143197462,0.2196993358781676,0.15197583960695815,0.6844743161391004,0.31552568386089963,24.4419,33.6522,,0.8480241603930418,0.15197583960695815,0.0,0.0,0.0,0.0,0.0
331.655,58.737,0.0,0.0,679.329,1097.605,153.071,0.445,0.7305,0.0,0.0,390.392,372.668,0.39209563720568047,0.21969977500571208,0.15045646427180887,0.6176959864575724,0.38230401354242755,25.0452,36.724,37.4903,0.8495435357281911,0.15045646427180887,0.0,0.0011398799155691206,0.0018711961310634666,0.0,0.0
332.248,0.0,0.0,0.0,820.534,1021.663,125.78,0.1854,0.0,0.2076,0.0,332.248,354.109,0.378572632491392,0.18035421835992566,0.0,0.5545894385888154,0.44541056141118457,24.8901,32.1066,,1.0,0.0,0.0,0.0005580169030346067,0.0,0.0006248344610031518,0.0
332.248,58.143,0.0,0.0,676.362,1038.275,164.344,0.1706,0.0,0.0,0.0,390.39099999999996,372.867,0.42097281955782795,0.2276814276141247,0.14893529820103438,0.6055363321799307,0.39446366782006914,27.5268,33.4878,,0.8510647017989658,0.14893529820103438,0.0,0.00043699777914850245,0.0,0.0,0.0
332.248,59.33,0.0,0.0,601.013,1183.04,165.531,0.2966,0.0,0.0,0.0,391.578,373.596,0.4227280388581586,0.21948787395890146,0.15151515151515152,0.6631193131594185,0.3368806868405816,23.61,29.6521,32.2916,0.8484848484848485,0.15151515151515152,0.0,0.0007574480690928565,0.0,0.0,0.0
332.248,59.33,0.0,0.0,652.63,1121.337,165.531,0.5562,0.8528,0.0,0.0,391.578,373.502,0.4227280388581586,0.22073578595317722,0.15151515151515152,0.6321070234113711,0.36789297658862874,28.5834,34.8369,,0.8484848484848485,0.15151515151515152,0.0,0.0014204066622705558,0.002177854731363412,0.0,0.0
332.248,59.33,0.0,0.0,682.295,1076.84,157.818,0.2596,0.7416,0.0,0.0,391.578,373.414,0.40303081378422695,0.22259690131797732,0.15151515151515152,0.6121417628550396,0.3878582371449605,25.754,38.0436,36.7567,0.8484848484848485,0.15151515151515152,0.0,0.0006629585931776991,0.0018938755496940743,0.0,0.0
332.248,59.33,0.0,0.0,694.161,1127.27,148.325,0.2966,0.0,2.4473,0.0,391.578,373.632,0.3787878787878788,0.21498371335504884,0.15151515151515152,0.6188925081433224,0.38110749185667747,33.5883,43.5527,,0.8484848484848485,0.15151515151515152,0.0,0.0007574480690928565,0.0,0.006249840389382831,0.0
332.248,59.33,0.0,0.0,711.96,1067.94,159.004,0.2596,0.7416,0.0,0.0,391.578,373.459,0.4060595845527583,0.21999999999999997,0.15151515151515152,0.6,0.4,21.9304,31.2985,30.9919,0.8484848484848485,0.15151515151515152,0.0,0.0006629585931776991,0.0018938755496940743,0.0,0.0
332.248,59.33,0.0,0.0,723.826,1067.94,138.832,0.2447,0.0,2.9367,16.6118,391.578,373.489,0.3545449437915307,0.21854304635761587,0.15151515151515152,0.5960264900662252,0.40397350993377484,31.3415,41.6709,,0.8484848484848485,0.15151515151515152,0.0,0.0006249074258497033,0.0,0.007499655241082238,0.04242271016236249
332.248,59.33,0.0,26.699,563.635,1174.734,150.698,0.5933,0.9641,2.5956,14.2387,391.578,373.628,0.384847974094561,0.22525597269624573,0.15151515151515152,0.6757679180887372,0.3242320819112628,37.6015,45.675,,0.8484848484848485,0.15151515151515152,0.0,0.001515151515147646,0.002462089289994683,0.00662856442392926,0.036362359478733834
332.248,59.33,0.0,26.699,563.635,1174.734,151.292,0.445,0.9641,4.7462,14.2387,391.578,373.628,0.3863649132484461,0.22525597269624573,0.15151515151515152,0.6757679180887372,0.3242320819112628,30.0971,42.5722,,0.8484848484848485,0.15151515151515152,0.0,0.0011364274806012176,0.002462089289994683,0.012120701367257302,0.036362359478733834
332.248,59.33,0.0,26.699,611.692,1145.069,160.784,0.7416,0.0,3.3372,14.2387,391.578,373.643,0.4106052944751748,0.222897707770152,0.15151515151515152,0.6518069333278688,0.3481930666721313,35.196,48.3897,,0.8484848484848485,0.15151515151515152,0.0,0.0018938755496940743,0.0,0.008522439973623334,0.036362359478733834
332.248,59.33,0.0,26.699,688.228,1097.605,147.138,0.2596,0.0,2.3731,18.985,391.578,373.667,0.37575655424972804,0.2192691029900332,0.15151515151515152,0.6146179401993356,0.3853820598006644,38.5765,51.5349,,0.8484848484848485,0.15151515151515152,0.0,0.0006629585931776991,0.0,0.006060350683628651,0.04848331622295307
332.248,83.062,0.0,0.0,676.362,990.811,182.736,0.1483,1.0012,0.8158,0.0,415.31,380.865,0.43999903686402925,0.2491103202846975,0.19999999999999998,0.594306049822064,0.4056939501779359,53.94,64.2132,66.7872,0.7999999999999999,0.19999999999999998,0.0,0.0003570826611438273,0.002410729334708024,0.0019643158122800695,0.0
332.248,83.062,0.0,0.0,723.826,937.414,185.11,0.1483,1.0012,0.8158,0.0,415.31,380.791,0.4457152488502565,0.25,0.19999999999999998,0.5642857142857143,0.4357142857142857,53.3137,67.2584,69.4762,0.7999999999999999,0.19999999999999998,0.0,0.0003570826611438273,0.002410729334708024,0.0019643158122800695,0.0
332.248,142.392,0.0,0.0,617.032,993.778,177.99,0.0,1.1866,0.0,0.0,474.64,400.182,0.37500000000000006,0.2946592087210782,0.3,0.6169430286625983,0.38305697133740174,33.1063,41.8129,,0.7,0.3,0.0,0.0,0.002499999999994733,0.0,0.0
332.841,58.143,0.0,0.0,667.463,1112.438,161.378,0.445,0.8528,0.0,0.0,390.98400000000004,373.74,0.41274834775847596,0.21966614997126246,0.14870941010373825,0.624999929771375,0.375000070228625,28.0223,35.7598,36.6456,0.8512905898962617,0.14870941010373825,0.0,0.0011381539909532405,0.002181163423561626,0.0,0.0
332.841,58.143,0.0,0.0,667.463,1112.438,164.937,0.445,0.8528,0.0,0.0,390.98400000000004,373.74,0.4218510220367074,0.21966614997126246,0.14870941010373825,0.624999929771375,0.375000070228625,23.7042,31.0855,,0.8512905898962617,0.14870941010373825,0.0,0.0011381539909532405,0.002181163423561626,0.0,0.0
332.841,58.737,0.0,0.0,711.96,1067.94,159.004,0.2596,0.7416,0.0,0.0,391.57800000000003,373.886,0.40605958455275826,0.22,0.15000076613088578,0.6,0.4,22.9935,32.9616,34.9937,0.8499992338691141,0.15000076613088578,0.0,0.000662958593177699,0.001893875549694074,0.0,0.0
334.028,110.947,0.0,0.0,954.62,593.3,211.215,0.4079,0.0,2.2248,0.0,444.975,391.129,0.47466711613011964,0.28746640653263733,0.24933310860160682,0.3832885420435164,0.6167114579564835,34.6556,53.1892,55.3711,0.7506668913983932,0.24933310860160682,0.0,0.0009166807123975128,0.0,0.0049998314511938875,0.0
334.621,0.0,0.0,0.0,720.86,1171.768,148.325,0.1038,0.0,0.0,0.0,334.621,356.893,0.44326267628152444,0.17680230874741362,0.0,0.619122194113159,0.3808778058868409,25.4417,34.175,,1.0,0.0,0.0,0.0003102016908672492,0.0,0.0,0.0
334.621,0.0,0.0,0.0,746.965,1112.438,157.224,0.0927,0.0,0.0,0.0,334.621,356.741,0.4698569426306179,0.17996152528526627,0.0,0.5982769738459064,0.4017230261540935,26.7172,33.5315,,1.0,0.0,0.0,0.00027702983375138735,0.0,0.0,0.0
334.621,0.0,0.0,0.0,761.204,1070.313,157.224,0.2076,0.0,0.2076,0.0,334.621,356.622,0.4698569426306179,0.18270155286573916,0.0,0.5843860581146667,0.4156139418853333,24.6832,32.6122,,1.0,0.0,0.0,0.0006204033817344985,0.0,0.0006204033817344985,0.0
334.621,0.0,0.0,0.0,825.874,1014.543,133.492,0.0742,0.0,0.3708,0.0,334.621,356.584,0.398934914425574,0.1818180336304218,0.0,0.5512571335735326,0.4487428664264675,30.3714,37.5305,,1.0,0.0,0.0,0.0002217434052249508,0.0,0.0011081193350055494,0.0
334.621,0.0,0.0,0.0,831.213,1130.83,126.966,0.0,0.0,1.9282,0.0,334.621,357.028,0.37943225320586577,0.17054723061625052,0.0,0.5763533215123215,0.4236466784876784,38.4124,49.8721,,1.0,0.0,0.0,0.0,0.0,0.005762340080252697,0.0
334.621,0.0,83.655,0.0,519.138,1216.265,158.411,0.445,0.0,0.8899,4.635,418.27599999999995,378.618,0.37872361789822995,0.24102528346441715,0.19999952184681888,0.700854498926186,0.29914550107381394,30.9063,37.5535,,0.8000004781531812,0.0,0.19999952184681888,0.0010638908280631357,0.0,0.0021275425795356955,0.011081199973196931
334.621,0.0,83.655,0.0,567.195,1038.275,188.076,0.5747,0.0,0.0,0.0,418.27599999999995,378.084,0.4496456884927656,0.2605318068852111,0.19999952184681888,0.6467109320012208,0.3532890679987791,24.5798,32.7501,,0.8000004781531812,0.0,0.19999952184681888,0.001373973166040189,0.0,0.0,0.0
334.621,0.0,88.995,0.0,830.62,1014.543,144.172,0.0927,0.838,0.0,0.0,423.616,380.091,0.3403365311980662,0.22958188517762387,0.21008413279951657,0.5498392282958199,0.45016077170418006,32.7156,38.5647,,0.7899158672004835,0.0,0.21008413279951657,0.00021883026136827028,0.001978206677741213,0.0,0.0
334.621,0.0,166.124,0.0,818.754,771.29,158.411,0.0816,0.0,0.8343,0.0,500.745,399.522,0.31635063755005044,0.3149252473516456,0.3317536870063605,0.48507462686567165,0.5149253731343284,32.3364,40.0586,,0.6682463129936395,0.0,0.3317536870063605,0.0001629571937809405,0.0,0.001666117484944101,0.0
334.621,0.0,167.311,0.0,735.692,741.625,192.823,0.3708,0.445,2.0394,18.985,501.932,399.51,0.38416159957922585,0.33975917152513646,0.33333399743391534,0.5020080321285141,0.4979919678714859,34.3484,47.005,,0.6666660025660845,0.0,0.33333399743391534,0.0007387454874350734,0.00088657427699193,0.004063100180892904,0.0378238486487456
334.621,55.77,0.0,0.0,688.228,1008.61,163.158,0.4079,0.4895,0.0,0.0,390.39099999999996,374.497,0.41793483968636574,0.2300696943373498,0.14285677692364837,0.5944055944055944,0.40559440559440557,26.7861,36.9099,,0.8571432230763517,0.14285677692364837,0.0,0.001044849906885546,0.0012538711189518871,0.0,0.0
334.621,55.77,0.0,0.0,738.659,1067.94,158.411,0.2188,0.0,0.7305,0.0,390.39099999999996,374.847,0.40577523559713213,0.21609167280619546,0.14285677692364837,0.5911328413222857,0.4088671586777143,27.1136,34.221,,0.8571432230763517,0.14285677692364837,0.0,0.0005604637401974932,0.0,0.001871200924196841,0.0
334.621,83.655,0.0,0.0,628.898,1082.772,165.531,0.3078,0.0,0.393,0.0,418.27599999999995,383.763,0.3957458711472808,0.2443671969480098,0.19999952184681888,0.6325822150297662,0.36741778497023375,28.2743,36.1056,,0.8000004781531812,0.19999952184681888,0.0,0.0007358777457928836,0.0,0.0009395710009636233,0.0
334.621,83.655,0.0,0.0,706.027,1168.801,139.426,0.0,0.0,1.854,0.0,418.27599999999995,384.282,0.33333492717727053,0.22310099913165365,0.19999952184681888,0.6234177215189873,0.37658227848101267,40.3086,51.539,58.8606,0.8000004781531812,0.19999952184681888,0.0,0.0,0.0,0.004432479989278772,0.0
334.621,83.655,0.0,0.0,921.395,889.95,173.244,0.0,0.0,1.3089,0.0,418.27599999999995,383.81,0.41418584857845064,0.23092011737134557,0.19999952184681888,0.49131998597727106,0.508680014022729,26.2061,34.152,44.7781,0.8000004781531812,0.19999952184681888,0.0,0.0,0.0,0.0031292734940490748,0.0
334.621,111.54,0.0,0.0,668.056,1005.644,158.411,0.1335,0.0,1.5351,0.0,446.161,392.726,0.3550534448326949,0.26657166756288464,0.24999943966415714,0.6008508095835574,0.39914919041644265,44.4961,56.0314,64.4941,0.7500005603358428,0.24999943966415714,0.0,0.00029921934010301393,0.0,0.003440686209678926,0.0
338.181,106.794,0.0,0.0,824.687,830.62,138.239,0.4079,0.0,2.2248,0.0,444.97499999999997,394.66,0.3106668913983932,0.26881720430107525,0.24000000000000002,0.5017921146953405,0.4982078853046595,40.8515,56.9162,,0.76,0.24000000000000002,0.0,0.000916680712397513,0.0,0.004999831451193888,0.0
338.181,106.794,0.0,0.0,824.687,830.62,138.239,0.4079,0.0,2.2248,14.2387,444.97499999999997,394.66,0.3106668913983932,0.26881720430107525,0.24000000000000002,0.5017921146953405,0.4982078853046595,37.9643,53.5236,57.4334,0.76,0.24000000000000002,0.0,0.000916680712397513,0.0,0.004999831451193888,0.031998876341295585
338.181,112.727,0.0,0.0,605.166,1038.275,171.464,0.0,1.1272,0.0,0.0,450.908,396.803,0.3802638232189271,0.27436823104693137,0.25,0.631768953068592,0.3682310469314079,29.7854,36.9866,,0.7499999999999999,0.25,0.0,0.0,0.002499844757683386,0.0,0.0
338.181,112.727,0.0,0.0,605.166,1038.275,171.464,0.1483,0.0,1.409,0.0,450.908,396.803,0.3802638232189271,0.27436823104693137,0.25,0.631768953068592,0.3682310469314079,30.6817,38.4957,,0.7499999999999999,0.25,0.0,0.00032889192473779816,0.0,0.0031248059471042323,0.0
338.181,112.727,0.0,0.0,652.63,1038.275,167.904,0.1483,0.0,1.1272,0.0,450.908,396.927,0.37236864282736165,0.26666666666666666,0.25,0.6140350877192983,0.38596491228070173,33.4445,42.672,,0.7499999999999999,0.25,0.0,0.00032889192473779816,0.0,0.002499844757683386,0.0
339.368,0.0,0.0,0.0,949.28,889.95,151.885,0.0,0.0,0.0,0.0,339.368,361.419,0.447552509370359,0.18451634651457402,0.0,0.4838709677419355,0.5161290322580645,42.7667,45.5274,,1.0,0.0,0.0,0.0,0.0,0.0,0.0
339.368,0.0,0.0,0.0,1008.61,885.204,135.866,0.0,0.0,0.0,0.0,339.368,361.555,0.4003500624690602,0.1791981683523303,0.0,0.46741865885456546,0.5325813411454347,45.9593,48.8252,54.8019,1.0,0.0,0.0,0.0,0.0,0.0,0.0
341.148,59.33,0.0,0.0,658.563,1112.438,164.937,0.445,0.8899,0.0,0.0,400.478,382.812,0.41185033884508016,0.22613087174993124,0.14814796318399512,0.6281408085032137,0.37185919149678626,25.9649,32.3495,35.5105,0.851852036816005,0.14814796318399512,0.0,0.001111172149278834,0.0022220945969510884,0.0,0.0
341.148,59.33,0.0,0.0,682.295,1097.605,149.512,0.7416,0.7787,0.0,0.0,400.478,382.818,0.37333386603009405,0.22500028091465812,0.14814796318399512,0.6166666666666667,0.3833333333333333,23.3388,31.5091,,0.851852036816005,0.14814796318399512,0.0,0.0018517871143936702,0.0019444264104346693,0.0,0.0
341.148,88.995,0.0,0.0,682.295,993.778,183.923,0.482,0.0,2.4102,0.0,430.14300000000003,392.164,0.4275857098685786,0.2566373898988887,0.20689631122673158,0.59292047542082,0.40707952457918,26.3911,34.0012,,0.7931036887732684,0.20689631122673158,0.0,0.0011205575820108183,0.0,0.0056032528717063785,0.0
344.114,86.029,0.0,0.0,640.764,1038.275,168.497,0.1483,0.0,1.346,0.0,430.143,394.357,0.39172321762762624,0.25618404337242906,0.2000009299233046,0.6183745583038869,0.381625441696113,27.579,36.7261,42.2126,0.7999990700766955,0.2000009299233046,0.0,0.00034476906517054846,0.0,0.0031291919198891322,0.0
344.707,0.0,59.923,0.0,789.089,919.615,179.77,0.2299,0.7601,0.0,0.0,404.63,382.527,0.44428243086276353,0.23680520441223288,0.14809331982304821,0.5381944444444444,0.4618055555555555,31.4056,41.8885,,0.8519066801769518,0.0,0.14809331982304821,0.0005681733929748952,0.0018785062896921176,0.0,0.0
344.707,0.0,59.923,0.0,789.089,919.615,179.77,0.2373,0.7601,0.0,0.0,404.63,382.527,0.44428243086276353,0.23680520441223288,0.14809331982304821,0.5381944444444444,0.4618055555555555,31.376,39.0726,,0.8519066801769518,0.0,0.14809331982304821,0.0005864617057544264,0.0018785062896921176,0.0,0.0
347.08,0.0,61.11,0.0,685.262,1038.275,168.497,0.1632,0.7787,0.0,0.0,408.19,385.496,0.4127906122149,0.23683274568518112,0.14970969401504203,0.602409463794511,0.397590536205489,30.6691,39.5541,,0.8502903059849579,0.0,0.14970969401504203,0.0003998138121943218,0.0019076900462972936,0.0,0.0
347.08,0.0,61.11,0.0,685.262,1038.275,172.057,0.1632,0.0,2.0394,0.0,408.19,385.496,0.421512040961317,0.23683274568518112,0.14970969401504203,0.602409463794511,0.397590536205489,31.9129,40.2737,,0.8502903059849579,0.0,0.14970969401504203,0.0003998138121943218,0.0,0.004996202748707719,0.0
347.08,0.0,61.11,0.0,691.195,1038.275,168.497,0.1632,0.7638,0.0,0.0,408.19,385.512,0.4127906122149,0.2360202836707199,0.14970969401504203,0.6003428796105165,0.3996571203894835,28.9959,40.9652,,0.8502903059849579,0.0,0.14970969401504203,0.0003998138121943218,0.001871187437218278,0.0,0.0
347.08,103.828,0.0,0.0,912.495,787.902,153.071,0.0556,1.3349,0.9641,0.0,450.908,403.083,0.3394727971116059,0.2651780731205713,0.23026426676838735,0.46336355568728954,0.5366364443127105,49.5133,63.6776,68.7808,0.7697357332316126,0.23026426676838735,0.0,0.00012330674993541187,0.002960470872100383,0.0021381301728908377,0.0
350.047,83.062,0.0,0.0,713.147,949.28,166.124,0.2039,1.6315,1.6315,0.0,433.10900000000004,399.46,0.3835616438356164,0.26052813146081,0.1917808219178082,0.5710205621058849,0.428979437894115,28.5263,36.8097,38.9554,0.8082191780821918,0.1917808219178082,0.0,0.0004707821818515182,0.003766950121092457,0.003766950121092457,0.0
355.387,62.89,0.0,0.0,682.295,1067.94,159.598,0.1817,0.0,2.8922,0.0,418.277,398.799,0.38156054480643214,0.23898333652338113,0.15035490835020812,0.6101694915254238,0.38983050847457623,33.5315,42.6786,,0.849645091649792,0.15035490835020812,0.0,0.000434401126525163,0.0,0.006914556621552429,0.0
355.98,0.0,0.0,0.0,802.142,1008.61,158.411,0.089,0.6674,0.6674,0.0,355.98,378.884,0.44499971908534186,0.19659235499946984,0.0,0.5570116724984979,0.4429883275015022,33.9567,41.5065,,1.0,0.0,0.0,0.000250014045732204,0.001874824428333404,0.001874824428333404,0.0
355.98,0.0,59.33,0.0,581.434,1216.265,157.224,0.2596,0.0,3.1518,8.3059,415.31,394.742,0.37857022465146517,0.23102310231023102,0.14285714285714285,0.6765676567656767,0.3234323432343234,31.7504,36.9322,,0.8571428571428572,0.0,0.14285714285714285,0.0006250752449962075,0.0,0.007589029881275219,0.019999277647973802
355.98,0.0,59.33,0.0,836.553,842.486,173.244,0.3708,0.0,3.1147,0.0,415.31,394.022,0.41714382027882785,0.24734982332155478,0.14285714285714285,0.5017667844522968,0.49823321554770317,28.0502,40.771,,0.8571428571428572,0.0,0.14285714285714285,0.0008928270448559082,0.0,0.0074996990199910915,0.0
355.98,62.296,0.0,0.0,729.759,993.778,182.736,0.2076,0.0,0.0,0.0,418.276,399.074,0.43687899855597734,0.24268466531324828,0.14893515286557202,0.5765922054472866,0.4234077945527134,23.9565,30.4052,31.8998,0.851064847134428,0.14893515286557202,0.0,0.0004963230020357459,0.0,0.0,0.0
355.98,88.995,0.0,0.0,670.429,1103.538,146.545,0.482,0.0,1.9467,5.562,444.975,408.084,0.3293331086016068,0.2508361204013378,0.2,0.6220735785953176,0.37792642140468224,43.3398,54.7042,62.7556,0.8,0.2,0.0,0.0010832069217347419,0.0,0.004374852519794652,0.012499578627984719
355.98,88.995,0.0,0.0,831.807,889.95,197.569,0.0,0.0,1.4832,0.0,444.975,407.713,0.44400022473172646,0.2584423934387954,0.2,0.5168847868775908,0.48311521312240924,32.0116,37.5161,51.6116,0.8,0.2,0.0,0.0,0.0,0.003333220967462592,0.0
355.98,88.995,0.0,0.0,1067.94,563.635,173.244,0.2781,0.0,1.1124,0.0,444.975,407.119,0.38933423226023933,0.2727272727272727,0.2,0.34545454545454546,0.6545454545454545,29.6015,39.2312,,0.8,0.2,0.0,0.0006249789313992359,0.0,0.0024999157255969438,0.0
355.98,118.66,0.0,0.0,762.984,1014.543,160.784,0.0,0.0,1.6315,0.0,474.64,417.725,0.3387493679420192,0.26702266688494747,0.25,0.5707609504665752,0.42923904953342484,47.2981,62.7423,73.3143,0.7500000000000001,0.25,0.0,0.0,0.0,0.0034373419854975616,0.0
355.98,118.66,0.0,0.0,812.821,840.113,153.071,0.089,0.8899,1.6315,0.0,474.64,417.209,0.3224991572560256,0.28715000114947115,0.25,0.5082556230315306,0.49174437696846934,51.0818,66.9113,75.0693,0.7500000000000001,0.25,0.0,0.0001875105342992847,0.0018748946569992525,0.0034373419854975616,0.0
355.98,118.66,0.0,0.0,840.706,840.113,153.665,0.0779,0.7935,1.1235,0.0,474.64,417.282,0.32375063205798077,0.28238614627749925,0.25,0.49982359790078534,0.5001764020992148,55.7528,68.3692,79.6999,0.7500000000000001,0.25,0.0,0.00016412438901027278,0.0016717933591739596,0.002367057138036476,0.0
357.167,0.0,88.995,0.0,617.032,1067.94,148.325,0.1669,0.0,0.0,0.0,446.162,403.361,0.3324465104603261,0.264788969787035,0.19946790627619565,0.6338028169014084,0.3661971830985915,29.5293,41.7084,,0.8005320937238043,0.0,0.19946790627619565,0.0003740793702727393,0.0,0.0,0.0
357.167,88.995,0.0,0.0,631.864,1097.605,169.684,0.2966,1.0605,0.0,0.0,446.162,409.205,0.38031925623428264,0.2579762921451613,0.19946790627619565,0.6346485539781286,0.3653514460218715,33.9529,45.3599,,0.8005320937238043,0.19946790627619565,0.0,0.0006647809540017644,0.00237693931800024,0.0,0.0
358.353,89.588,0.0,20.766,735.692,860.285,173.244,0.4079,0.0,2.0394,0.0,447.94100000000003,410.159,0.38675629156518376,0.2806688316936899,0.19999955351262774,0.5390334572490707,0.4609665427509294,35.169,49.0505,,0.8000004464873722,0.19999955351262774,0.0,0.0009106109956424827,0.0,0.004552831734526304,0.0
358.353,89.588,0.0,20.766,735.692,860.285,173.244,1.4832,0.0,1.9652,0.0,447.94100000000003,410.159,0.38675629156518376,0.2806688316936899,0.19999955351262774,0.5390334572490707,0.4609665427509294,34.6165,48.188,,0.8000004464873722,0.19999955351262774,0.0,0.0033111503523827667,0.0,0.0043871849194327215,0.0
360.726,90.182,0.0,0.0,697.721,984.878,158.411,0.4079,0.0,1.409,0.0,450.908,413.079,0.3513155676989541,0.26798304289970454,0.2000008870989204,0.5853313831756705,0.4146686168243295,39.0687,43.65,57.0366,0.7999991129010796,0.2000008870989204,0.0,0.0009046191240765197,0.0,0.0031248059471042323,0.0
360.726,97.895,0.0,0.0,652.63,1008.61,177.99,0.1187,1.7057,1.409,0.0,458.621,415.579,0.3880982336177367,0.2760714887674267,0.2134551187145813,0.6071428571428571,0.39285714285714285,39.0243,54.549,,0.7865448812854187,0.2134551187145813,0.0,0.0002588193737306865,0.0037191929719665715,0.003072253560122471,0.0
361.913,0.0,0.0,0.0,787.902,984.878,155.445,0.2262,0.0,1.0197,0.0,361.913,384.977,0.42950930195931064,0.2041499791288259,0.0,0.5555556809079525,0.4444443190920475,32.6369,36.6569,48.1254,1.0,0.0,0.0,0.0006250120885388892,0.0,0.002817527969421332,0.0
361.913,0.0,0.0,29.665,750.525,1053.108,153.665,0.2447,0.0,3.4262,0.0,361.913,385.311,0.42459099286292556,0.2006577834847777,0.0,0.5838815324403579,0.41611846755964216,33.2971,42.9819,,1.0,0.0,0.0,0.0006761293460011767,0.0,0.009466916082015659,0.0
362.506,0.0,0.0,0.0,717.893,1056.074,163.158,0.2707,1.7947,0.9048,0.0,362.506,385.68,0.4500835848234236,0.20434765697445328,0.0,0.5953177257525084,0.40468227424749165,33.0259,42.2419,,1.0,0.0,0.0,0.0007467462607494863,0.004950814607192845,0.0024959586875734586,0.0
362.506,0.0,0.0,0.0,830.62,1130.237,157.818,0.0,0.0,0.6786,0.0,362.506,386.248,0.4353527941606484,0.184871206824363,0.0,0.5763995028704286,0.42360049712957143,29.3027,37.9371,38.9554,1.0,0.0,0.0,0.0,0.0,0.0018719690156800937,0.0
362.506,0.0,64.076,0.0,771.29,1023.443,160.191,0.1557,1.0753,0.0,0.0,426.582,402.614,0.37552217393138954,0.2376854941654274,0.1502079318864837,0.5702480536102027,0.42975194638979725,37.8522,51.5211,,0.8497920681135163,0.0,0.1502079318864837,0.0003649943035562565,0.002520734583262958,0.0,0.0
364.88,0.0,121.626,0.0,640.764,1038.275,153.071,0.3078,0.0,3.6487,0.0,486.506,420.011,0.3146333241522201,0.2897526501766784,0.2499989722634459,0.6183745583038869,0.381625441696113,41.5547,49.6875,51.7573,0.7500010277365542,0.0,0.2499989722634459,0.0006326746227166107,0.0,0.007499804730039301,0.0
367.846,35.598,0.0,11.866,771.29,1067.94,139.426,0.0742,0.0,1.1124,9.4925,403.444,403.207,0.3455894746234917,0.21935483870967742,0.08823529411764705,0.5806451612903226,0.4193548387096774,55.905,69.6026,,0.9117647058823529,0.08823529411764705,0.0,0.00018391647911436554,0.0,0.0027572599914665796,0.02352866816702311
370.813,133.492,0.0,0.0,694.161,1008.61,163.158,0.0,0.0,1.8132,0.0,504.30499999999995,437.934,0.32353040322820514,0.29616724738675954,0.26470489088944194,0.5923344947735192,0.4076655052264808,53.6577,65.3221,74.2734,0.7352951091105582,0.26470489088944194,0.0,0.0,0.0,0.00359544323375022,0.0
372.592,124.593,0.0,0.0,780.783,821.72,163.751,0.2225,1.105,2.5214,0.0,497.185,436.413,0.32935627583293947,0.31025526941291215,0.250596860323622,0.5127728310025005,0.4872271689974995,52.9647,56.1004,73.4895,0.749403139676378,0.250596860323622,0.0,0.0004475195349810483,0.0022225127467598127,0.00507135171011782,0.0
377.932,68.23,0.0,0.0,593.3,1127.27,173.244,0.445,0.8343,0.0,0.0,446.16200000000003,424.166,0.388298420753,0.2593105773086826,0.15292651548092398,0.6551724137931034,0.3448275862068965,31.8936,40.4843,,0.847073484519076,0.15292651548092398,0.0,0.0009973955648374415,0.0018699485836941067,0.0,0.0
379.712,68.23,0.0,0.0,795.022,860.285,179.177,0.2966,0.0,4.7462,0.0,447.942,425.568,0.40000044648637545,0.27060962105518793,0.1523188269909944,0.5197132616487455,0.4802867383512545,31.2106,41.7407,,0.8476811730090056,0.1523188269909944,0.0,0.0006621392948179403,0.0,0.010595568176213448,0.0
379.712,68.23,0.0,0.0,795.022,860.285,179.177,0.3708,0.0,4.7462,0.0,447.942,425.568,0.40000044648637545,0.27060962105518793,0.1523188269909944,0.5197132616487455,0.4802867383512545,27.7741,36.4119,,0.8476811730090056,0.1523188269909944,0.0,0.0008277857401162924,0.0,0.010595568176213448,0.0
383.272,62.89,0.0,0.0,800.955,1038.275,165.531,0.0,0.0,3.3372,0.0,446.162,428.221,0.3710109780752283,0.2425808626436063,0.14095776870284785,0.5645161290322581,0.43548387096774194,35.1319,40.4917,,0.8590422312971522,0.14095776870284785,0.0,0.0,0.0,0.007479794334776428,0.0
383.272,62.89,0.0,0.0,800.955,1038.275,165.531,0.0,1.7798,3.3372,0.0,446.162,428.221,0.3710109780752283,0.2425808626436063,0.14095776870284785,0.5645161290322581,0.43548387096774194,34.5646,44.3999,,0.8590422312971522,0.14095776870284785,0.0,0.0,0.003989133991680177,0.007479794334776428,0.0
384.458,0.0,96.115,0.0,619.998,1067.94,171.464,0.1557,0.0,0.901,0.0,480.57300000000004,433.85,0.3567907477115859,0.2847101019113261,0.20000083233972776,0.6326891153585025,0.3673108846414975,43.2301,50.5079,,0.7999991676602722,0.0,0.20000083233972776,0.00032398823903897225,0.0,0.001874845236827964,0.0
384.458,0.0,96.115,0.0,619.998,1067.94,172.057,0.0,0.0,0.0,0.0,480.57300000000004,433.85,0.3580246913580246,0.2847101019113261,0.20000083233972776,0.6326891153585025,0.3673108846414975,38.6796,46.2409,,0.7999991676602722,0.0,0.20000083233972776,0.0,0.0,0.0,0.0
385.645,0.0,0.0,0.0,693.568,1127.27,154.258,0.178,0.0,0.0,7.7126,385.645,410.13,0.4,0.21179533819043758,0.0,0.6190940654797407,0.38090593452025934,28.3966,36.5116,,1.0,0.0,0.0,0.00046156439212109176,0.0,0.0,0.01999922208243333
385.645,0.0,0.0,0.0,706.027,1112.438,163.751,0.0,0.0,0.0,0.0,385.645,410.108,0.42461590322706116,0.21207171982963652,0.0,0.6117456206195885,0.3882543793804115,43.01,46.07,,1.0,0.0,0.0,0.0,0.0,0.0,0.0
385.645,0.0,0.0,0.0,727.386,1041.242,177.99,0.482,0.0,1.0864,0.0,385.645,409.9,0.46153846153846156,0.21804754872138177,0.0,0.5887286642527428,0.4112713357472572,40.4722,51.0557,,1.0,0.0,0.0,0.0012498541404627316,0.0,0.0028170986269682816,0.0
385.645,0.0,0.0,0.0,809.261,1008.61,148.325,0.241,0.0,1.4461,2.8922,385.645,409.992,0.3846153846153846,0.21214101550660083,0.0,0.554830348248033,0.44516965175196693,41.4662,47.8906,51.8256,1.0,0.0,0.0,0.0006249270702313658,0.0,0.003749821727226465,0.00749964345445293
385.645,29.665,0.0,0.0,777.223,919.615,166.124,0.2596,0.0,2.5956,0.0,415.31,419.309,0.39999999999999997,0.24475524475524477,0.07142857142857142,0.541958041958042,0.458041958041958,25.5773,31.0172,,0.9285714285714285,0.07142857142857142,0.0,0.0006250752449962075,0.0,0.006249789313991357,0.0
385.645,29.665,0.0,0.0,806.888,919.615,166.124,0.2596,0.7787,0.0,0.0,415.31,419.387,0.39999999999999997,0.24054982817869414,0.07142857142857142,0.5326460481099656,0.4673539518900343,23.8317,29.5613,,0.9285714285714285,0.07142857142857142,0.0,0.0006250752449962075,0.0018749849509959427,0.0,0.0
390.391,0.0,0.0,0.0,628.305,1127.27,160.191,0.1446,0.0,0.0,0.0,390.391,414.934,0.410334766938787,0.22237215727041001,0.0,0.642108710821241,0.3578912891787591,28.8373,35.5597,,1.0,0.0,0.0,0.0003703978831469722,0.0,0.0,0.0
390.391,0.0,0.0,0.0,640.764,1127.27,172.057,0.0742,0.0,1.4647,0.0,390.391,414.967,0.4407299348601786,0.22080514288752365,0.0,0.6375838926174496,0.3624161073825503,30.6271,42.0389,,1.0,0.0,0.0,0.00019006585705052097,0.0,0.003751879525901591,0.0
390.391,0.0,0.0,0.0,666.276,1088.706,172.057,0.2114,0.0,0.7787,0.0,390.391,414.89,0.4407299348601786,0.22244729575573996,0.0,0.620351661726445,0.37964833827355493,29.9577,41.4014,,1.0,0.0,0.0,0.0005415083851816729,0.0,0.001994666885245831,0.0
390.391,0.0,0.0,0.0,667.463,1097.605,158.411,0.1483,0.0,2.8181,1.2236,390.391,414.926,0.4057752355971321,0.221176181314261,0.0,0.621848563341469,0.37815143665853096,36.686,40.9962,,1.0,0.0,0.0,0.00037987556065488217,0.0,0.0072186602662274,0.003134293567210478
390.391,0.0,0.0,0.0,667.463,1112.438,153.071,0.3337,0.0,0.0,0.0,390.391,414.981,0.3920966415721674,0.21933298537390564,0.0,0.624999929771375,0.375000070228625,27.2573,34.1635,,1.0,0.0,0.0,0.0008547840498350249,0.0,0.0,0.0
390.391,0.0,0.0,0.0,682.295,1082.772,142.392,0.0,0.0,0.0,0.0,390.391,414.91,0.3647420150566995,0.2211763066217883,0.0,0.6134452686498586,0.38655473135014135,42.6174,47.5582,,1.0,0.0,0.0,0.0,0.0,0.0,0.0
390.391,0.0,0.0,0.0,706.62,1024.036,212.995,0.0,0.0,0.0,0.0,390.391,414.756,0.5455940326493183,0.22557400199693067,0.0,0.5917039550320804,0.4082960449679197,43.8851,48.4931,,1.0,0.0,0.0,0.0,0.0,0.0,0.0
390.391,0.0,0.0,0.0,711.96,1035.309,195.196,0.1483,0.0,0.0,0.0,390.391,414.812,0.5000012807672308,0.22342924873044737,0.0,0.5925298279772605,0.4074701720227395,28.2596,37.9303,40.6588,1.0,0.0,0.0,0.00037987556065488217,0.0,0.0,0.0
390.391,0.0,0.0,0.0,743.405,1059.04,159.598,0.0,0.0,0.0,0.0,390.391,414.981,0.40881577700305594,0.21658968789616329,0.0,0.5875574566769027,0.4124425433230972,46.034,53.123,,1.0,0.0,0.0,0.0,0.0,0.0,0.0
390.391,0.0,0.0,0.0,800.955,1027.596,156.038,0.0,0.0,0.0,0.0,390.391,415.014,0.3996967143197461,0.21349746329197272,0.0,0.5619728407903307,0.43802715920966934,48.5678,54.582,55.6752,1.0,0.0,0.0,0.0,0.0,0.0,0.0
390.391,0.0,0.0,0.0,848.419,978.945,153.071,0.2447,0.0,2.4473,0.0,390.391,414.958,0.3920966415721674,0.21363614474182485,0.0,0.5357142857142857,0.46428571428571425,29.5785,37.473,,1.0,0.0,0.0,0.0006268074827528637,0.0,0.006268843287867115,0.0
390.391,0.0,0.0,0.0,854.352,1021.663,156.038,0.0,0.0,0.0,0.0,390.391,415.131,0.3996967143197461,0.20809588409474342,0.0,0.5445921274616674,0.4554078725383326,46.9763,51.8486,,1.0,0.0,0.0,0.0,0.0,0.0,0.0
390.391,0.0,0.0,0.0,873.338,889.95,177.99,0.0742,0.0,2.2248,0.0,390.391,414.693,0.45592751882087446,0.22139945374777123,0.0,0.5047105180775915,0.49528948192240857,45.6471,49.7926,,1.0,0.0,0.0,0.00019006585705052097,0.0,0.005698901870161713,0.0
390.391,0.0,0.0,0.0,873.338,907.749,180.363,0.3708,0.0,1.854,0.0,390.391,414.759,0.46200604009826046,0.2191869347202018,0.0,0.5096601120551664,0.4903398879448337,38.6107,45.6433,,1.0,0.0,0.0,0.0009498169783602854,0.0,0.004749084891801428,0.0
390.391,0.0,0.0,0.0,875.118,904.782,158.411,0.0742,0.0,2.4473,0.0,390.391,414.753,0.4057752355971321,0.21933310860160682,0.0,0.5083330524186752,0.4916669475813248,33.415,37.2691,,1.0,0.0,0.0,0.00019006585705052097,0.0,0.006268843287867115,0.0
390.391,0.0,0.0,0.0,908.342,1004.457,157.818,0.0,0.0,0.0,0.0,390.391,415.208,0.404256245661401,0.2040941050261946,0.0,0.5251241766646678,0.4748758233353321,42.7314,51.2281,,1.0,0.0,0.0,0.0,0.0,0.0,0.0
390.391,59.33,0.0,0.0,711.96,1067.94,182.736,0.0,0.0,2.8181,0.0,449.721,434.392,0.40633192579399224,0.25266644193494014,0.13192623871244616,0.6,0.4,30.9287,39.4036,,0.8680737612875539,0.13192623871244616,0.0,0.0,0.0,0.006266329568763152,0.0
390.391,59.33,0.0,0.0,711.96,1067.94,182.736,0.0,2.8181,0.0,0.0,449.721,434.392,0.40633192579399224,0.25266644193494014,0.13192623871244616,0.6,0.4,29.8198,42.3821,,0.8680737612875539,0.13192623871244616,0.0,0.0,0.006266329568763152,0.0,0.0
390.391,59.33,0.0,0.0,711.96,1067.94,183.33,0.0,0.0,2.8181,0.0,449.721,434.392,0.4076527447017151,0.25266644193494014,0.13192623871244616,0.6,0.4,31.2178,40.6528,,0.8680737612875539,0.13192623871244616,0.0,0.0,0.0,0.006266329568763152,0.0
390.391,59.33,0.0,29.665,860.285,913.682,163.158,0.0,0.0,6.6744,0.0,449.721,434.385,0.3627982682596543,0.2535114802022811,0.13192623871244616,0.5150501672240803,0.4849498327759197,42.269,61.7564,,0.8680737612875539,0.13192623871244616,0.0,0.0,0.0,0.014841201544924874,0.0
391.578,0.0,0.0,0.0,567.195,1245.93,155.445,0.1298,2.3731,0.9789,0.0,391.578,416.458,0.3969707184775447,0.21596856256463287,0.0,0.6871726990692865,0.3128273009307136,42.3453,48.0948,,1.0,0.0,0.0,0.00033147929658884954,0.006060350683628651,0.002499885080360746,0.0
391.578,0.0,0.0,0.0,669.836,1186.6,145.952,0.0,1.0382,0.0,0.0,391.578,416.506,0.3727277834811966,0.2109299755014447,0.0,0.6391817439437718,0.3608182560562282,43.2531,53.3195,,1.0,0.0,0.0,0.0,0.0026513236187869307,0.0,0.0
391.578,0.0,0.0,0.0,984.878,949.28,148.325,0.0,0.0,1.409,0.0,391.578,416.447,0.3787878787878788,0.20245398773006135,0.0,0.49079754601226994,0.5092024539877301,50.2551,55.8016,62.9607,1.0,0.0,0.0,0.0,0.0,0.003598261393633968,0.0
400.478,0.0,0.0,0.0,606.353,1251.863,133.492,0.2521,0.0,1.0012,6.007,400.478,425.909,0.3333316686559561,0.21551746406230493,0.0,0.6736907872927583,0.3263092127072418,34.6634,39.484,,1.0,0.0,0.0,0.0006294977501869528,0.0,0.0025000124850740866,0.014999575507231359
402.851,71.196,0.0,0.0,703.06,1008.61,168.497,0.2966,2.0765,3.3001,0.0,474.047,451.1,0.35544365854018695,0.276949996202539,0.15018763962223153,0.5892549381598088,0.4107450618401911,36.2172,46.6101,54.9168,0.8498123603777684,0.15018763962223153,0.0,0.0006256763569843798,0.004380367347532247,0.0069615460070268104,0.0
403.444,0.0,0.0,0.0,853.165,1008.61,176.803,0.0,0.0,1.1124,0.0,403.444,428.759,0.43823430265414776,0.2166985806555572,0.0,0.541746451638893,0.458253548361107,35.3674,40.9549,45.487,1.0,0.0,0.0,0.0,0.0,0.0027572599914665796,0.0
403.444,71.196,0.0,0.0,533.97,1112.438,189.856,0.2966,1.0382,0.0,0.0,474.64,451.666,0.4,0.2882882007376057,0.15,0.6756757741701935,0.32432422582980647,28.7201,37.9778,40.6412,0.8500000000000001,0.15,0.0,0.0006248946570018858,0.0021873419855001955,0.0,0.0
403.444,71.196,0.0,0.0,587.367,1097.605,166.124,0.445,1.1866,0.0,0.0,474.64,451.75,0.35,0.28169014084507044,0.15,0.6514084507042254,0.3485915492957746,30.2442,37.472,,0.8500000000000001,0.15,0.0,0.0009375526714964236,0.002499999999994733,0.0,0.0
403.444,71.196,0.0,0.0,587.367,1097.605,180.363,0.445,1.1866,0.0,0.0,474.64,451.75,0.3799995786280128,0.28169014084507044,0.15,0.6514084507042254,0.3485915492957746,31.1298,43.1784,,0.8500000000000001,0.15,0.0,0.0009375526714964236,0.002499999999994733,0.0,0.0
403.444,71.196,0.0,0.0,605.166,1038.275,180.363,0.2781,0.0,3.708,0.0,474.64,451.577,0.3799995786280128,0.28880866425992774,0.15,0.631768953068592,0.3682310469314079,35.2336,42.9792,,0.8500000000000001,0.15,0.0,0.0005859177481868661,0.0,0.007812236642491548,0.0
403.444,71.196,0.0,0.0,723.826,967.079,168.497,0.7416,0.0,3.5597,0.0,474.64,451.622,0.35499957862801285,0.2807017543859649,0.15,0.5719298245614035,0.4280701754385965,27.99,36.5464,,0.8500000000000001,0.15,0.0,0.0015624473284983095,0.0,0.007499789313990604,0.0
407.597,0.0,0.0,0.0,741.625,1008.61,173.244,0.1001,0.0,0.0,0.0,407.597,432.822,0.42503747574197065,0.23288129879701866,0.0,0.576271186440678,0.423728813559322,28.0755,37.4779,,1.0,0.0,0.0,0.0002455857133387989,0.0,0.0,0.0
408.19,102.048,0.0,0.0,649.664,1038.275,160.784,0.1261,0.0,1.5944,0.0,510.238,466.786,0.31511569110885507,0.302284620475029,0.20000078394788315,0.6151140532922102,0.38488594670778975,47.7548,52.2422,62.5564,0.7999992160521169,0.20000078394788315,0.0,0.00024713957016089127,0.0,0.0031248162622087637,0.0
415.31,0.0,0.0,0.0,662.716,1156.935,154.258,0.0,0.0,2.0765,0.0,415.31,441.249,0.37142857142857144,0.22823607384053318,0.0,0.6358004914129138,0.3641995085870862,37.0527,46.6065,,1.0,0.0,0.0,0.0,0.0,0.00499987960799162,0.0
415.31,0.0,0.0,0.0,741.625,955.213,181.55,0.2076,0.0,3.1147,0.0,415.31,440.707,0.43714333871084254,0.24475524475524477,0.0,0.5629370629370629,0.4370629370629371,31.9227,40.2654,,1.0,0.0,0.0,0.0004998675688028223,0.0,0.0074996990199910915,0.0
415.31,0.0,0.0,23.732,771.883,889.95,153.665,0.3263,0.7787,3.1147,25.2144,415.31,440.687,0.370000722351978,0.24991079127686114,0.0,0.5355231241647025,0.4644768758352975,36.3383,51.4004,,1.0,0.0,0.0,0.0007856781681134918,0.0018749849509959427,0.0074996990199910915,0.060712239050201754
415.31,0.0,0.0,30.852,631.864,1067.94,175.617,0.5933,0.0,4.7462,0.0,415.31,441.024,0.4228576244251282,0.24432816960073042,0.0,0.628272436116164,0.37172756388383604,28.403,44.2678,,1.0,0.0,0.0,0.001428571428567989,0.0,0.011428089860558552,0.0
415.31,29.665,0.0,0.0,593.3,1186.6,142.392,0.1112,0.0,1.1124,9.4925,444.975,450.908,0.31999999999999995,0.25000000000000006,0.06666666666666667,0.6666666666666666,0.3333333333333333,38.5762,45.9066,,0.9333333333333332,0.06666666666666667,0.0,0.000249901679869094,0.0,0.0024999157255969438,0.021332659138105885
418.277,0.0,0.0,0.0,603.979,1156.935,167.311,0.1965,0.0,2.0765,0.0,418.277,444.205,0.40000047815203804,0.23753403062273343,0.0,0.6570082354958845,0.3429917645041155,31.3712,37.2345,,1.0,0.0,0.0,0.0004697843773373392,0.0,0.0049644135345597185,0.0
418.277,0.0,0.0,0.0,622.965,1156.935,151.292,0.2596,0.0,2.9664,6.489,418.277,444.255,0.36170289066814576,0.2350002809146581,0.0,0.6499999999999999,0.35,33.1063,38.7531,,1.0,0.0,0.0,0.0006206413453270904,0.0,0.0070919510276513135,0.015513642872987246
418.277,0.0,0.0,0.0,694.161,1044.208,150.698,0.3671,0.0,3.1518,8.3801,418.277,444.023,0.3602827791152753,0.24061462209691956,0.0,0.6006825938566553,0.39931740614334466,35.4152,41.3497,,1.0,0.0,0.0,0.0008776480657533701,0.0,0.0075351979668795204,0.02003480946831876
418.277,0.0,0.0,0.0,694.161,1044.208,157.818,0.3263,0.7787,0.0,6.2665,418.277,444.023,0.37730499166820075,0.24061462209691956,0.0,0.6006825938566553,0.39931740614334466,30.9498,41.1696,,1.0,0.0,0.0,0.0007801050500008843,0.0018616849599622698,0.0,0.014981698730709597
418.277,0.0,0.0,0.0,741.625,1008.61,167.311,0.1187,0.0,3.1518,0.0,418.277,444.014,0.40000047815203804,0.23898333652338113,0.0,0.576271186440678,0.423728813559322,29.2345,40.6724,,1.0,0.0,0.0,0.000283783234554413,0.0,0.0075351979668795204,0.0
418.277,0.0,0.0,0.0,750.525,978.945,167.904,0.2596,0.7787,0.0,0.0,418.277,443.928,0.4014181989447185,0.2418527063204334,0.0,0.5660375722042013,0.4339624277957987,27.7951,34.7785,,1.0,0.0,0.0,0.0006206413453270904,0.0018616849599622698,0.0,0.0
418.277,0.0,0.0,0.0,771.29,949.28,151.292,0.0,0.0,4.3013,10.4566,418.277,443.872,0.36170289066814576,0.24310373887723255,0.0,0.5517241379310345,0.4482758620689655,31.3022,37.1088,,1.0,0.0,0.0,0.0,0.0,0.010283376805298205,0.02499922300287848
418.277,0.0,0.0,0.0,795.022,943.347,151.292,0.2966,0.0,4.8204,11.8656,418.277,443.912,0.36170289066814576,0.24061462209691956,0.0,0.5426621160409556,0.45733788395904434,34.0119,38.2211,,1.0,0.0,0.0,0.0007090994723575307,0.0,0.011524420419933384,0.028367804110605254
418.277,88.995,0.0,0.0,513.205,1067.94,175.024,0.2781,0.0,3.4855,14.2387,507.272,472.83,0.3450298853475059,0.3208257307204589,0.17543842356763237,0.6754219252503724,0.3245780747496277,39.7114,49.4368,,0.8245615764323676,0.17543842356763237,0.0,0.0005482265924384783,0.0,0.006871067198649106,0.02806916210627027
420.056,0.0,0.0,0.0,743.998,978.945,167.904,0.1298,0.0,2.6327,5.9328,420.056,445.775,0.3997181328203859,0.24380144903226628,0.0,0.5681818841366196,0.43181811586338026,30.2029,39.1746,,1.0,0.0,0.0,0.00030900641819112454,0.0,0.006267497666962816,0.014123831108199566
424.21,0.0,0.0,0.0,602.793,1044.208,190.449,0.2225,0.7972,1.5907,0.0,424.21,450.003,0.44894981259281963,0.2575651138038167,0.0,0.6340056866996437,0.3659943133003562,32.2229,39.4357,,1.0,0.0,0.0,0.0005245043728329731,0.001879257914707623,0.003749793734226563,0.0
424.803,0.0,0.0,0.0,593.3,1186.6,161.378,0.5562,0.0,0.0,0.0,424.803,451.127,0.3798890309155067,0.23866677903252995,0.0,0.6666666666666666,0.3333333333333333,26.8206,38.0591,,1.0,0.0,0.0,0.0013093127873359904,0.0,0.0,0.0
430.143,0.0,0.0,0.0,551.769,1186.6,159.598,0.1854,1.6315,2.6698,0.0,430.143,456.615,0.3710347489090838,0.24744056066347248,0.0,0.68259385665529,0.3174061433447099,38.2303,44.123,,1.0,0.0,0.0,0.00043101945166972147,0.00379292467852832,0.006206773096374446,0.0
430.143,0.0,0.0,0.0,805.108,917.835,172.057,0.1149,2.0394,0.0,0.0,430.143,456.279,0.39999953503834773,0.24965596656418695,0.0,0.5327135024199873,0.4672864975800128,42.3295,48.8757,,1.0,0.0,0.0,0.0002671204692386785,0.004741213968366936,0.0,0.0
439.042,0.0,0.0,0.0,824.094,848.419,166.717,0.6674,0.0,3.263,0.0,439.042,465.398,0.3797290464238046,0.2625043871108924,0.0,0.5072719913088867,0.4927280086911134,41.8167,50.2628,,1.0,0.0,0.0,0.0015201279148657303,0.0,0.007432090779452918,0.0
444.975,0.0,0.0,0.0,921.395,889.95,173.244,0.0,0.0,1.3089,0.0,444.975,472.022,0.38933423226023933,0.24565999298863553,0.0,0.49131998597727106,0.508680014022729,29.252,39.6506,43.3295,1.0,0.0,0.0,0.0,0.0,0.002941513568171377,0.0
446.162,0.0,0.0,0.0,1067.94,563.635,173.244,0.2781,0.0,1.1124,0.0,446.162,472.44,0.38829842075300003,0.2734547906164289,0.0,0.34545454545454546,0.6545454545454545,33.7958,45.4824,,1.0,0.0,0.0,0.0006233161945647023,0.0,0.002493264778258809,0.0
450.908,0.0,0.0,0.0,646.697,1038.275,171.464,0.2818,1.1272,0.0,0.0,450.908,478.075,0.3802638232189271,0.2676056338028169,0.0,0.6161971830985915,0.3838028169014084,30.1473,36.9674,,1.0,0.0,0.0,0.0006249611894208465,0.002499844757683386,0.0,0.0
474.64,0.0,0.0,0.0,571.941,1133.796,121.033,0.2225,0.0,2.3731,17.7984,474.64,503.105,0.2549995786280128,0.27826095113138777,0.0,0.6646956711380476,0.3353043288619523,60.7117,68.263,,1.0,0.0,0.0,0.0004687763357482118,0.0,0.004999789313995871,0.03749873588395943
474.64,0.0,0.0,0.0,571.941,1133.796,153.071,0.0,1.4832,2.3731,0.0,474.64,503.105,0.3224991572560256,0.27826095113138777,0.0,0.6646956711380476,0.3353043288619523,47.3164,56.6241,,1.0,0.0,0.0,0.0,0.003124894656996619,0.004999789313995871,0.0
474.64,0.0,0.0,0.0,571.941,1133.796,153.071,0.3708,0.0,1.3349,17.7984,474.64,503.105,0.3224991572560256,0.27826095113138777,0.0,0.6646956711380476,0.3353043288619523,55.0891,59.7086,,1.0,0.0,0.0,0.0007812236642491548,0.0,0.002812447328495676,0.03749873588395943
474.64,0.0,0.0,0.0,571.941,1133.796,153.071,0.3708,0.0,2.3731,18.54,474.64,503.105,0.3224991572560256,0.27826095113138777,0.0,0.6646956711380476,0.3353043288619523,53.8644,60.3743,,1.0,0.0,0.0,0.0007812236642491548,0.0,0.004999789313995871,0.03906118321245773
474.64,0.0,0.0,0.0,571.941,1133.796,153.665,0.3708,0.2966,2.3731,18.985,474.64,503.105,0.32375063205798077,0.27826095113138777,0.0,0.6646956711380476,0.3353043288619523,50.3621,60.9306,,1.0,0.0,0.0,0.0007812236642491548,0.0006248946570018858,0.004999789313995871,0.03999873588395416
474.64,0.0,0.0,0.0,571.941,1133.796,170.87,0.2966,0.2966,2.3731,7.1194,474.64,503.105,0.35999915725602566,0.27826095113138777,0.0,0.6646956711380476,0.3353043288619523,44.635,55.9286,,1.0,0.0,0.0,0.0006248946570018858,0.0006248946570018858,0.004999789313995871,0.014999578627981208
474.64,0.0,0.0,0.0,571.941,1133.796,177.99,0.0,0.0,2.3731,18.54,474.64,503.105,0.37500000000000006,0.27826095113138777,0.0,0.6646956711380476,0.3353043288619523,59.8716,67.8904,,1.0,0.0,0.0,0.0,0.0,0.004999789313995871,0.03906118321245773
474.64,0.0,0.0,0.0,593.3,1145.069,151.885,1.0753,0.0,2.0023,7.1194,474.64,503.202,0.3200004213719872,0.27303754266211605,0.0,0.658703071672355,0.341296928327645,46.7541,53.4612,,1.0,0.0,0.0,0.0022655064891238296,0.0,0.004218565649746716,0.014999578627981208
474.64,0.0,0.0,0.0,603.979,1133.796,122.22,0.8899,0.0,1.9282,10.679,474.64,503.188,0.2575004213719872,0.2731308713728762,0.0,0.652441196357411,0.34755880364258895,54.248,66.0035,,1.0,0.0,0.0,0.0018748946569992525,0.0,0.004062447328493042,0.02249915725597822
474.64,0.0,0.0,0.0,613.472,1127.863,163.158,0.534,1.854,0.0,0.0,474.64,503.191,0.343751053429968,0.2725724803096475,0.0,0.6477001840541883,0.35229981594581167,46.9591,54.1903,,1.0,0.0,0.0,0.0011250632057957083,0.003906118321245774,0.0,0.0
474.64,0.0,0.0,0.0,613.472,1133.203,157.224,0.6674,2.6698,0.0,12.4589,474.64,503.211,0.331248946570032,0.27173916154980177,0.0,0.6487772482001517,0.3512227517998483,41.9503,48.0526,,1.0,0.0,0.0,0.0014061183212510406,0.005624894656991352,0.0,0.026249157255970317
474.64,0.0,0.0,0.0,619.405,1023.443,170.87,0.2225,0.0,2.3731,8.8992,474.64,502.82,0.35999915725602566,0.2889129122109897,0.0,0.6229687713044664,0.3770312286955336,51.5958,59.2375,,1.0,0.0,0.0,0.0004687763357482118,0.0,0.004999789313995871,0.018749367941979716
474.64,0.0,0.0,0.0,659.75,1044.208,153.665,0.2966,1.1866,0.0,2.3731,474.64,503.002,0.32375063205798077,0.2785514666441309,0.0,0.612813226617088,0.387186773382912,38.0074,45.6542,,1.0,0.0,0.0,0.0006248946570018858,0.002499999999994733,0.0,0.004999789313995871
474.64,0.0,0.0,0.0,664.496,1020.476,148.325,0.1483,0.0,2.3731,14.2387,474.64,502.926,0.3125,0.28169014084507044,0.0,0.6056338028169014,0.39436619718309857,51.5499,60.0919,,1.0,0.0,0.0,0.0003124473285009429,0.0,0.004999789313995871,0.02999894656996882
474.64,0.0,0.0,0.0,732.726,949.28,135.272,0.6674,0.0,2.0394,18.985,474.64,502.84,0.2849991572560256,0.28218686496956613,0.0,0.5643737299391323,0.43562627006086785,69.2751,77.9338,,1.0,0.0,0.0,0.0014061183212510406,0.0,0.0042967301533703515,0.03999873588395416
474.64,0.0,0.0,0.0,762.391,1032.342,138.832,0.1891,0.0,2.3731,8.8992,474.64,503.225,0.2924995786280128,0.2644627362398752,0.0,0.5752064513217287,0.4247935486782713,63.0871,69.8669,,1.0,0.0,0.0,0.0003984072138875813,0.0,0.004999789313995871,0.018749367941979716
474.64,0.0,0.0,0.0,787.902,899.443,132.899,0.927,0.0,2.2248,0.0,474.64,502.799,0.27999957862801284,0.2812939855216331,0.0,0.5330522210929004,0.46694777890709965,54.5031,63.8072,,1.0,0.0,0.0,0.001953059160622887,0.0,0.004687341985494929,0.0
489.472,0.0,0.0,0.0,605.166,1053.108,180.363,0.3263,0.0,3.8192,0.0,489.472,518.437,0.36848481629184104,0.29516955581526333,0.0,0.6350627218421081,0.36493727815789195,42.5292,47.7807,,1.0,0.0,0.0,0.0006666367024044958,0.0,0.0078026935146284105,0.0
490.066,0.0,0.0,0.0,706.027,973.012,160.191,0.2966,0.0,5.3766,12.3847,490.066,519.025,0.3268763799161746,0.2918729106351907,0.0,0.5795053003533569,0.42049469964664316,35.0237,41.4375,,1.0,0.0,0.0,0.000605224602399258,0.0,0.010971175311058162,0.025271494043607862
490.066,0.0,0.0,0.0,711.96,978.945,158.411,0.7416,0.0,2.7068,12.3847,490.066,519.062,0.3232442160851804,0.2898246796833648,0.0,0.5789473684210525,0.42105263157894735,42.6666,54.3468,,1.0,0.0,0.0,0.0015132655601459535,0.0,0.005523337672873606,0.025271494043607862
490.066,0.0,0.0,0.0,711.96,978.945,160.191,0.2966,0.0,5.3766,12.3847,490.066,519.062,0.3268763799161746,0.2898246796833648,0.0,0.5789473684210525,0.42105263157894735,34.5699,42.5139,49.8077,1.0,0.0,0.0,0.000605224602399258,0.0,0.010971175311058162,0.025271494043607862
490.066,0.0,0.0,0.0,741.625,933.854,140.019,0.1112,0.0,2.3731,0.0,490.066,518.973,0.2857145772202112,0.2924930721304176,0.0,0.5573653862567063,0.4426346137432937,65.0176,71.7055,,1.0,0.0,0.0,0.0002269082123627697,0.0,0.0048424089816374895,0.0
501.932,0.0,0.0,0.0,539.903,1083.959,170.277,0.3708,0.9455,0.0,7.5272,501.932,531.439,0.33924316441270924,0.30909769426219713,0.0,0.6675191611109811,0.3324808388890189,29.2972,38.7141,,1.0,0.0,0.0,0.0007387454874350734,0.0018837213008895952,0.0,0.014996453702862147
504.305,0.0,0.0,0.0,694.161,1053.108,118.66,0.5562,0.0,3.1518,23.7312,504.305,534.213,0.23529411764705882,0.28862470518277383,0.0,0.6027165822778291,0.397283417722171,51.4252,60.5668,,1.0,0.0,0.0,0.0011029039965871786,0.0,0.006249789313994013,0.04705723718771962
504.305,0.0,0.0,0.0,770.697,919.615,142.392,0.2262,0.0,1.8911,0.1112,504.305,533.918,0.2823529411764706,0.29835024539848265,0.0,0.5440504474913508,0.4559495525086493,61.0218,70.7089,,1.0,0.0,0.0,0.0004485380870694351,0.0,0.003749913246936378,0.00022050148223749417
